-- phpMyAdmin SQL Dump
-- version 4.1.14
-- http://www.phpmyadmin.net
--
-- Servidor: 127.0.0.1
-- Tiempo de generación: 19-07-2016 a las 09:37:12
-- Versión del servidor: 5.6.17
-- Versión de PHP: 5.5.12

SET SQL_MODE = "NO_AUTO_VALUE_ON_ZERO";
SET time_zone = "+00:00";


/*!40101 SET @OLD_CHARACTER_SET_CLIENT=@@CHARACTER_SET_CLIENT */;
/*!40101 SET @OLD_CHARACTER_SET_RESULTS=@@CHARACTER_SET_RESULTS */;
/*!40101 SET @OLD_COLLATION_CONNECTION=@@COLLATION_CONNECTION */;
/*!40101 SET NAMES utf8 */;

--
-- Base de datos: `reporte_proyecto`
--

-- --------------------------------------------------------

--
-- Estructura de tabla para la tabla `acciones`
--

CREATE TABLE IF NOT EXISTS `acciones` (
  `codigo` int(11) NOT NULL AUTO_INCREMENT,
  `codigo_accion` varchar(11) NOT NULL,
  `accion` text NOT NULL,
  `codigo_proyecto` int(11) NOT NULL,
  `estatus` int(11) NOT NULL DEFAULT '1',
  PRIMARY KEY (`codigo`),
  KEY `codigo_proyecto` (`codigo_proyecto`),
  KEY `estatus` (`estatus`)
) ENGINE=InnoDB  DEFAULT CHARSET=utf8 AUTO_INCREMENT=161 ;

--
-- Volcado de datos para la tabla `acciones`
--

INSERT INTO `acciones` (`codigo`, `codigo_accion`, `accion`, `codigo_proyecto`, `estatus`) VALUES
(15, 'AC001_001', '0002-GESTIÓN ADMINISTRATIVA:DESPACHO DEL MINISTRO DEL PODER POPULAR PARA EL PROCESO SOCIAL DE TRABAJO', 15, 1),
(16, 'AC002_001', '0002-GESTIÓN ADMINISTRATIVA:DIRECCIÓN GENERAL DEL DESPACHO', 16, 1),
(17, 'AC003_001', '0002-GESTIÓN ADMINISTRATIVA:OFICINA ESTRATÉGICA DE SEGUIMIENTO Y EVALUACIÓN DE POLÍTICAS PÚBLICAS', 17, 1),
(18, 'AC004_001', '0002-GESTIÓN ADMINISTRATIVA:CONSULTORÍA JURÍDICA', 18, 1),
(19, 'AC005_001', '0002-GESTIÓN ADMINISTRATIVA:OFICINA DE AUDITORÍA INTERNA', 19, 1),
(20, 'AC006_001', '0002-GESTIÓN ADMINISTRATIVA:OFICINA DE ATENCIÓN CIUDADANA', 20, 1),
(21, 'AC007_001', '0002-GESTIÓN ADMINISTRATIVA:OFICINA DE GESTIÓN COMUNICACIONAL', 21, 1),
(22, 'AC008_001', '0002-GESTIÓN ADMINISTRATIVA:OFICINA DE PLANIFICACIÓN Y PRESUPUESTO', 22, 1),
(23, 'AC009_001', '0001-DIRECCIÓN Y COORDINACIÓN DE LOS GASTOS DE LOS TRABAJADORES:OFICINA DE GESTIÓN HUMANA', 23, 1),
(24, 'AC009_002', '0002-GESTIÓN ADMINISTRATIVA:OFICINA DE GESTIÓN HUMANA', 23, 1),
(25, 'AC010_001', '0002-GESTIÓN ADMINISTRATIVA:OFICINA DE GESTIÓN ADMINISTRATIVA', 24, 1),
(26, 'AC011_001', '0002-GESTIÓN ADMINISTRATIVA:OFICINA DE TECNOLOGÍAS DE LA INFORMACIÓN Y LA COMUNICACIÓN', 25, 1),
(27, 'AC012_001', '0002-GESTIÓN ADMINISTRATIVA:DESPACHO DEL VICEMINISTRO PARA EDUCACIÓN Y EL TRABAJO PARA LA LIBERACIÓN', 26, 1),
(28, 'AC013_001', '0002-GESTIÓN ADMINISTRATIVA:DIRECCIÓN GENERAL DE AUTOFORMACIÓN DESDE EL PROCESO SOCIAL DE TRABAJO', 27, 1),
(29, 'AC014_001', '0002-GESTIÓN ADMINISTRATIVA:DIRECCIÓN GENERAL DE FORMACIÓN PARA LA PARTICIPACIÓN EN EL PROCESO SOCIAL DE TRABAJO LIBERADOR', 28, 1),
(30, 'AC015_001', '0002-GESTIÓN ADMINISTRATIVA:DESPACHO DEL VICEMINISTRO DE PREVISIÓN SOCIAL', 29, 1),
(31, 'AC016_001', '0002-GESTIÓN ADMINISTRATIVA:DIRECCIÓN GENERAL DE PENSIONES Y OTRAS ASIGNACIONES ECONÓMICAS Y EMPLEO', 30, 1),
(32, 'AC017_001', '0002-GESTIÓN ADMINISTRATIVA:DIRECCIÓN GENERAL DE SALUD Y SEGURIDAD LABORAL', 31, 1),
(33, 'AC018_001', '0002-GESTIÓN ADMINISTRATIVA:DESPACHO DEL VICEMINISTRO DE PARA DERECHOS Y RELACIONES LABORALES', 32, 1),
(34, 'AC019_001', '0002-GESTIÓN ADMINISTRATIVA:DIRECCIÓN GENERAL DE PARTICIPACIÓN EN EL PROCESO SOCIAL DE TRABAJO Y RELACIONES LABORALES', 33, 1),
(35, 'AC020_001', '0002-GESTIÓN ADMINISTRATIVA:DIRECCIÓN GENERAL PARA LA ASESORÍA, ASISTENCIA LEGAL Y DEFENSA DE TRABAJADORES Y TRABAJADORAS', 34, 1),
(36, 'AC021_001', '0002-GESTIÓN ADMINISTRATIVA:DIRECCIÓN GENERAL DE ORGANIZACIONES SINDICALES Y NEGOCIACIONES COLECTIVAS', 35, 1),
(37, 'AC022_001', '0002-GESTIÓN ADMINISTRATIVA:DESPACHO DEL VICEMINISTRO DE PARA EL SISTEMA INTEGRADO DE INSPECCIÓN LABORAL Y DE LA SEGURIDAD SOCIAL', 36, 1),
(38, 'AC023_001', '0002-GESTIÓN ADMINISTRATIVA:DIRECCIÓN GENERAL DE CONTRALORÍA SOCIAL DE TRABAJO', 37, 1),
(39, 'AC024_001', '0002-GESTIÓN ADMINISTRATIVA:DIRECCIÓN GENERAL DE SUPERVISIÓN DE ENTIDADES Y MODALIDADES ESPECIALES DE TRABAJO', 38, 1),
(40, 'AC025_001', '0002-GESTIÓN ADMINISTRATIVA:DIRECCIÓN DE RELACIONES INTERNACIONALES Y ENLACE CON LA OIT', 39, 1),
(41, 'AC026_001', '0002-GESTIÓN ADMINISTRATIVA:DIRECCIÓN DE BIENES Y SERVICIOS', 40, 1),
(42, 'AC028_001', '0002-GESTIÓN ADMINISTRATIVA:DIRECCION ESTADAL DISTRITO CAPITAL', 41, 1),
(43, 'AC029_001', '0002-GESTIÓN ADMINISTRATIVA:DIRECCION ESTADAL AMAZONAS', 42, 1),
(44, 'AC030_001', '0002-GESTIÓN ADMINISTRATIVA:DIRECCION ESTADAL ANZOATEGUI', 43, 1),
(45, 'AC031_001', '0002-GESTIÓN ADMINISTRATIVA:DIRECCION ESTADAL APURE', 44, 1),
(46, 'AC032_001', '0002-GESTIÓN ADMINISTRATIVA:DIRECCION ESTADAL ARAGUA', 45, 1),
(47, 'AC033_001', '0002-GESTIÓN ADMINISTRATIVA:DIRECCION ESTADAL BARINAS', 46, 1),
(48, 'AC034_001', '0002-GESTIÓN ADMINISTRATIVA:DIRECCION ESTADAL BOLIVAR', 47, 1),
(49, 'AC035_001', '0002-GESTIÓN ADMINISTRATIVA:DIRECCION ESTADAL CARABOBO', 48, 1),
(50, 'AC036_001', '0002-GESTIÓN ADMINISTRATIVA:DIRECCION ESTADAL COJEDES', 49, 1),
(51, 'AC037_001', '0002-GESTIÓN ADMINISTRATIVA:DIRECCION ESTADAL DELTA AMACURO', 50, 1),
(52, 'AC038_001', '0002-GESTIÓN ADMINISTRATIVA:DIRECCION ESTADAL FALCON', 51, 1),
(53, 'AC039_001', '0002-GESTIÓN ADMINISTRATIVA:DIRECCION ESTADAL GUARICO', 52, 1),
(54, 'AC040_001', '0002-GESTIÓN ADMINISTRATIVA:DIRECCION ESTADAL LARA', 53, 1),
(55, 'AC041_001', '0002-GESTIÓN ADMINISTRATIVA:DIRECCION ESTADAL MERIDA', 54, 1),
(56, 'AC042_001', '0002-GESTIÓN ADMINISTRATIVA:DIRECCION ESTADAL MIRANDA', 55, 1),
(57, 'AC043_001', '0002-GESTIÓN ADMINISTRATIVA:DIRECCION ESTADAL MONAGAS', 56, 1),
(58, 'AC044_001', '0002-GESTIÓN ADMINISTRATIVA:DIRECCION ESTADAL NUEVA ESPARTA', 57, 1),
(59, 'AC045_001', '0002-GESTIÓN ADMINISTRATIVA:DIRECCION ESTADAL PORTUGUESA', 58, 1),
(60, 'AC046_001', '0002-GESTIÓN ADMINISTRATIVA:DIRECCION ESTADAL SUCRE', 59, 1),
(61, 'AC047_001', '0002-GESTIÓN ADMINISTRATIVA:DIRECCION ESTADAL TACHIRA', 60, 1),
(62, 'AC048_001', '0002-GESTIÓN ADMINISTRATIVA:DIRECCION ESTADAL TRUJILLO', 61, 1),
(63, 'AC049_001', '0002-GESTIÓN ADMINISTRATIVA:DIRECCION ESTADAL VARGAS', 62, 1),
(64, 'AC050_001', '0002-GESTIÓN ADMINISTRATIVA:DIRECCION ESTADAL YARACUY', 63, 1),
(65, 'AC051_001', '0002-GESTIÓN ADMINISTRATIVA:DIRECCION ESTADAL ZULIA', 64, 1),
(66, 'AC052_001', '0002-GESTIÓN ADMINISTRATIVA: PROCURADURIAS DISTRITO CAPITAL', 65, 1),
(67, 'AC053_001', '0002-GESTIÓN ADMINISTRATIVA: PROCURADURIAS AMAZONAS', 66, 1),
(68, 'AC054_001', '0002-GESTIÓN ADMINISTRATIVA: PROCURADURIAS ANZOATEGUI', 67, 1),
(69, 'AC055_001', '0002-GESTIÓN ADMINISTRATIVA: PROCURADURIAS APURE', 68, 1),
(70, 'AC056_001', '0002-GESTIÓN ADMINISTRATIVA: PROCURADURIAS ARAGUA', 69, 1),
(71, 'AC057_001', '0002-GESTIÓN ADMINISTRATIVA: PROCURADURIAS BARINAS', 70, 1),
(72, 'AC058_001', '0002-GESTIÓN ADMINISTRATIVA: PROCURADURIAS BOLIVAR', 71, 1),
(73, 'AC059_001', '0002-GESTIÓN ADMINISTRATIVA: PROCURADURIAS CARABOBO', 72, 1),
(74, 'AC060_001', '0002-GESTIÓN ADMINISTRATIVA: PROCURADURIAS COJEDES', 73, 1),
(75, 'AC061_001', '0002-GESTIÓN ADMINISTRATIVA: PROCURADURIAS DELTA AMACURO', 74, 1),
(76, 'AC062_001', '0002-GESTIÓN ADMINISTRATIVA: PROCURADURIAS FALCON', 75, 1),
(77, 'AC063_001', '0002-GESTIÓN ADMINISTRATIVA: PROCURADURIAS GUARICO', 76, 1),
(78, 'AC064_001', '0002-GESTIÓN ADMINISTRATIVA: PROCURADURIAS MERIDA', 77, 1),
(79, 'AC065_001', '0002-GESTIÓN ADMINISTRATIVA: PROCURADURIAS MIRANDA', 78, 1),
(80, 'AC066_001', '0002-GESTIÓN ADMINISTRATIVA: PROCURADURIAS MONAGAS', 79, 1),
(81, 'AC067_001', '0002-GESTIÓN ADMINISTRATIVA: PROCURADURIAS NUEVA ESPARTA', 80, 1),
(82, 'AC068_001', '0002-GESTIÓN ADMINISTRATIVA: PROCURADURIAS PORTUGUESA', 81, 1),
(83, 'AC069_001', '0002-GESTIÓN ADMINISTRATIVA: PROCURADURIAS SUCRE', 82, 1),
(84, 'AC070_001', '0002-GESTIÓN ADMINISTRATIVA: PROCURADURIAS TACHIRA', 83, 1),
(85, 'AC071_001', '0002-GESTIÓN ADMINISTRATIVA: PROCURADURIAS TRUJILLO', 84, 1),
(86, 'AC072_001', '0002-GESTIÓN ADMINISTRATIVA: PROCURADURIAS VARGAS', 85, 1),
(87, 'AC073_001', '0002-GESTIÓN ADMINISTRATIVA: PROCURADURIAS YARACUY', 86, 1),
(88, 'AC074_001', '0002-GESTIÓN ADMINISTRATIVA: PROCURADURIAS ZULIA', 87, 1),
(89, 'AC075_001', '0002-GESTIÓN ADMINISTRATIVA: INSPECTORIAS DISTRITO CAPITAL', 88, 1),
(90, 'AC076_001', '0002-GESTIÓN ADMINISTRATIVA: INSPECTORIAS AMAZONAS', 89, 1),
(91, 'AC077_001', '0002-GESTIÓN ADMINISTRATIVA: INSPECTORIAS ANZOATEGUI', 90, 1),
(92, 'AC078_001', '0002-GESTIÓN ADMINISTRATIVA: INSPECTORIAS APURE', 91, 1),
(93, 'AC079_001', '0002-GESTIÓN ADMINISTRATIVA: INSPECTORIAS ARAGUA', 92, 1),
(94, 'AC080_001', '0002-GESTIÓN ADMINISTRATIVA: INSPECTORIAS BARINAS', 93, 1),
(95, 'AC081_001', '0002-GESTIÓN ADMINISTRATIVA: INSPECTORIAS BOLIVAR', 94, 1),
(96, 'AC082_001', '0002-GESTIÓN ADMINISTRATIVA: INSPECTORIAS CARABOBO', 95, 1),
(97, 'AC083_001', '0002-GESTIÓN ADMINISTRATIVA: INSPECTORIAS COJEDES', 96, 1),
(98, 'AC084_001', '0002-GESTIÓN ADMINISTRATIVA: INSPECTORIAS DELTA AMACURO', 97, 1),
(99, 'AC085_001', '0002-GESTIÓN ADMINISTRATIVA: INSPECTORIAS FALCON', 98, 1),
(100, 'AC086_001', '0002-GESTIÓN ADMINISTRATIVA: INSPECTORIAS GUARICO', 99, 1),
(101, 'AC087_001', '0002-GESTIÓN ADMINISTRATIVA: INSPECTORIAS LARA', 100, 1),
(102, 'AC088_001', '0002-GESTIÓN ADMINISTRATIVA: INSPECTORIAS MERIDA', 101, 1),
(103, 'AC089_001', '0002-GESTIÓN ADMINISTRATIVA: INSPECTORIAS MIRANDA', 102, 1),
(104, 'AC090_001', '0002-GESTIÓN ADMINISTRATIVA: INSPECTORIAS MONAGAS', 103, 1),
(105, 'AC091_001', '0002-GESTIÓN ADMINISTRATIVA: INSPECTORIAS NUEVA ESPARTA', 104, 1),
(106, 'AC092_001', '0002-GESTIÓN ADMINISTRATIVA: INSPECTORIAS PORTUGUESA', 105, 1),
(107, 'AC093_001', '0002-GESTIÓN ADMINISTRATIVA: INSPECTORIAS SUCRE', 106, 1),
(108, 'AC094_001', '0002-GESTIÓN ADMINISTRATIVA: INSPECTORIAS TACHIRA', 107, 1),
(109, 'AC095_001', '0002-GESTIÓN ADMINISTRATIVA: INSPECTORIAS TRUJILLO', 108, 1),
(110, 'AC096_001', '0002-GESTIÓN ADMINISTRATIVA: INSPECTORIAS VARGAS', 109, 1),
(111, 'AC097_001', '0002-GESTIÓN ADMINISTRATIVA: INSPECTORIAS YARACUY', 110, 1),
(112, 'AC098_001', '0002-GESTIÓN ADMINISTRATIVA: INSPECTORIAS ZULIA', 111, 1),
(113, 'AC099_001', '0002-GESTIÓN ADMINISTRATIVA: UNIDAD DE SUPERVISION DISTRITO CAPITAL', 112, 1),
(114, 'AC100_001', '0002-GESTIÓN ADMINISTRATIVA: UNIDAD DE SUPERVISION AMAZONAS', 113, 1),
(115, 'AC101_001', '0002-GESTIÓN ADMINISTRATIVA: UNIDAD DE SUPERVISION ANZOATEGUI', 114, 1),
(116, 'AC102_001', '0002-GESTIÓN ADMINISTRATIVA: UNIDAD DE SUPERVISION APURE', 115, 1),
(117, 'AC103_001', '0002-GESTIÓN ADMINISTRATIVA: UNIDAD DE SUPERVISION ARAGUA', 116, 1),
(118, 'AC104_001', '0002-GESTIÓN ADMINISTRATIVA: UNIDAD DE SUPERVISION BARINAS', 117, 1),
(119, 'AC105_001', '0002-GESTIÓN ADMINISTRATIVA: UNIDAD DE SUPERVISION BOLIVAR', 118, 1),
(120, 'AC106_001', '0002-GESTIÓN ADMINISTRATIVA: UNIDAD DE SUPERVISION CARABOBO', 119, 1),
(121, 'AC107_001', '0002-GESTIÓN ADMINISTRATIVA: UNIDAD DE SUPERVISION COJEDES', 120, 1),
(122, 'AC108_001', '0002-GESTIÓN ADMINISTRATIVA: UNIDAD DE SUPERVISION DELTA AMACURO', 121, 1),
(123, 'AC109_001', '0002-GESTIÓN ADMINISTRATIVA: UNIDAD DE SUPERVISION FALCON', 122, 1),
(124, 'AC110_001', '0002-GESTIÓN ADMINISTRATIVA: UNIDAD DE SUPERVISION GUARICO', 123, 1),
(125, 'AC111_001', '0002-GESTIÓN ADMINISTRATIVA: UNIDAD DE SUPERVISION LARA', 124, 1),
(126, 'AC112_001', '0002-GESTIÓN ADMINISTRATIVA: UNIDAD DE SUPERVISION MERIDA', 125, 1),
(127, 'AC113_001', '0002-GESTIÓN ADMINISTRATIVA: UNIDAD DE SUPERVISION MIRANDA', 126, 1),
(128, 'AC114_001', '0002-GESTIÓN ADMINISTRATIVA: UNIDAD DE SUPERVISION MONAGAS', 127, 1),
(129, 'AC115_001', '0002-GESTIÓN ADMINISTRATIVA: UNIDAD DE SUPERVISION NUEVA ESPARTA', 128, 1),
(130, 'AC116_001', '0002-GESTIÓN ADMINISTRATIVA: UNIDAD DE SUPERVISION PORTUGUESA', 129, 1),
(131, 'AC117_001', '0002-GESTIÓN ADMINISTRATIVA: UNIDAD DE SUPERVISION SUCRE', 130, 1),
(132, 'AC118_001', '0002-GESTIÓN ADMINISTRATIVA: UNIDAD DE SUPERVISION TACHIRA', 131, 1),
(133, 'AC119_001', '0002-GESTIÓN ADMINISTRATIVA: UNIDAD DE SUPERVISION TRUJILLO', 132, 1),
(134, 'AC120_001', '0002-GESTIÓN ADMINISTRATIVA: UNIDAD DE SUPERVISION VARGAS', 133, 1),
(135, 'AC121_001', '0002-GESTIÓN ADMINISTRATIVA: UNIDAD DE SUPERVISION YARACUY', 134, 1),
(136, 'AC122_001', '0002-GESTIÓN ADMINISTRATIVA: UNIDAD DE SUPERVISION ZULIA', 135, 1),
(137, 'AC123_001', '0002-GESTIÓN ADMINISTRATIVA: CENTROS DE ENCUENTRO PARA LA EDUCACION Y EL TRABAJO DISTRITO CAPITAL', 136, 1),
(138, 'AC124_001', '0002-GESTIÓN ADMINISTRATIVA: CENTROS DE ENCUENTRO PARA LA EDUCACION Y EL TRABAJO ANZOATEGUI', 137, 1),
(139, 'AC125_001', '0002-GESTIÓN ADMINISTRATIVA: CENTROS DE ENCUENTRO PARA LA EDUCACION Y EL TRABAJO APURE', 138, 1),
(140, 'AC126_001', '0002-GESTIÓN ADMINISTRATIVA: CENTROS DE ENCUENTRO PARA LA EDUCACION Y EL TRABAJO ARAGUA', 139, 1),
(141, 'AC127_001', '0002-GESTIÓN ADMINISTRATIVA: CENTROS DE ENCUENTRO PARA LA EDUCACION Y EL TRABAJO BARINAS', 140, 1),
(142, 'AC128_001', '0002-GESTIÓN ADMINISTRATIVA: CENTROS DE ENCUENTRO PARA LA EDUCACION Y EL TRABAJO BOLIVAR', 141, 1),
(143, 'AC129_001', '0002-GESTIÓN ADMINISTRATIVA: CENTROS DE ENCUENTRO PARA LA EDUCACION Y EL TRABAJO CARABOBO', 142, 1),
(144, 'AC130_001', '0002-GESTIÓN ADMINISTRATIVA: CENTROS DE ENCUENTRO PARA LA EDUCACION Y EL TRABAJO COJEDES', 143, 1),
(145, 'AC131_001', '0002-GESTIÓN ADMINISTRATIVA: CENTROS DE ENCUENTRO PARA LA EDUCACION Y EL TRABAJO DELTA AMACURO', 144, 1),
(146, 'AC132_001', '0002-GESTIÓN ADMINISTRATIVA: CENTROS DE ENCUENTRO PARA LA EDUCACION Y EL TRABAJO FALCON', 145, 1),
(147, 'AC133_001', '0002-GESTIÓN ADMINISTRATIVA: CENTROS DE ENCUENTRO PARA LA EDUCACION Y EL TRABAJO GUARICO', 146, 1),
(148, 'AC134_001', '0002-GESTIÓN ADMINISTRATIVA: CENTROS DE ENCUENTRO PARA LA EDUCACION Y EL TRABAJO LARA', 147, 1),
(149, 'AC135_001', '0002-GESTIÓN ADMINISTRATIVA: CENTROS DE ENCUENTRO PARA LA EDUCACION Y EL TRABAJO MERIDA', 148, 1),
(150, 'AC136_001', '0002-GESTIÓN ADMINISTRATIVA: CENTROS DE ENCUENTRO PARA LA EDUCACION Y EL TRABAJO MIRANDA', 149, 1),
(151, 'AC137_001', '0002-GESTIÓN ADMINISTRATIVA: CENTROS DE ENCUENTRO PARA LA EDUCACION Y EL TRABAJO MONAGAS', 150, 1),
(152, 'AC138_001', '0002-GESTIÓN ADMINISTRATIVA: CENTROS DE ENCUENTRO PARA LA EDUCACION Y EL TRABAJO NUEVA ESPARTA', 151, 1),
(153, 'AC139_001', '0002-GESTIÓN ADMINISTRATIVA: CENTROS DE ENCUENTRO PARA LA EDUCACION Y EL TRABAJO PORTUGUESA', 152, 1),
(154, 'AC140_001', '0002-GESTIÓN ADMINISTRATIVA: CENTROS DE ENCUENTRO PARA LA EDUCACION Y EL TRABAJO SUCRE', 153, 1),
(155, 'AC141_001', '0002-GESTIÓN ADMINISTRATIVA: CENTROS DE ENCUENTRO PARA LA EDUCACION Y EL TRABAJO TACHIRA', 154, 1),
(156, 'AC142_001', '0002-GESTIÓN ADMINISTRATIVA: CENTROS DE ENCUENTRO PARA LA EDUCACION Y EL TRABAJO TRUJILLO', 155, 1),
(157, 'AC143_001', '0002-GESTIÓN ADMINISTRATIVA: CENTROS DE ENCUENTRO PARA LA EDUCACION Y EL TRABAJO VARGAS', 156, 1),
(158, 'AC144_001', '0002-GESTIÓN ADMINISTRATIVA: CENTROS DE ENCUENTRO PARA LA EDUCACION Y EL TRABAJO YARACUY', 157, 1),
(159, 'AC145_001', '0002-GESTIÓN ADMINISTRATIVA: CENTROS DE ENCUENTRO PARA LA EDUCACION Y EL TRABAJO ZULIA', 158, 1),
(160, 'AC027_001', '0002-GESTIÓN ADMINISTRATIVA: PROCURADURIAS LARA', 159, 1);

-- --------------------------------------------------------

--
-- Estructura de tabla para la tabla `accion_ue`
--

CREATE TABLE IF NOT EXISTS `accion_ue` (
  `codigo` int(11) NOT NULL AUTO_INCREMENT,
  `codigo_accion` int(11) NOT NULL,
  `codigo_ue` int(11) DEFAULT NULL,
  `estatus` int(11) NOT NULL DEFAULT '1',
  PRIMARY KEY (`codigo`),
  UNIQUE KEY `codigo_accion_2` (`codigo_accion`,`codigo_ue`),
  KEY `codigo_accion` (`codigo_accion`),
  KEY `codigo_ue` (`codigo_ue`),
  KEY `estatus` (`estatus`)
) ENGINE=InnoDB  DEFAULT CHARSET=utf8 AUTO_INCREMENT=162 ;

--
-- Volcado de datos para la tabla `accion_ue`
--

INSERT INTO `accion_ue` (`codigo`, `codigo_accion`, `codigo_ue`, `estatus`) VALUES
(15, 15, 6, 1),
(16, 16, 7, 1),
(17, 17, 8, 1),
(18, 18, 9, 1),
(19, 19, 10, 1),
(20, 20, 11, 1),
(21, 21, 12, 1),
(22, 22, 13, 1),
(23, 23, 14, 1),
(24, 24, 14, 1),
(25, 25, 5, 1),
(26, 26, 15, 1),
(27, 27, 16, 1),
(28, 28, 17, 1),
(29, 29, 18, 1),
(30, 30, 19, 1),
(31, 31, 4, 1),
(32, 32, 3, 1),
(33, 33, 20, 1),
(34, 34, 21, 1),
(35, 35, 22, 1),
(36, 36, 23, 1),
(37, 37, 24, 1),
(38, 38, 25, 1),
(39, 39, 2, 1),
(40, 40, 26, 1),
(41, 41, 27, 1),
(42, 42, 28, 1),
(43, 43, 29, 1),
(44, 44, 30, 1),
(45, 45, 31, 1),
(46, 46, 32, 1),
(47, 47, 33, 1),
(48, 48, 34, 1),
(49, 49, 35, 1),
(50, 50, 36, 1),
(51, 51, 37, 1),
(52, 52, 38, 1),
(53, 53, 39, 1),
(54, 54, 40, 1),
(55, 55, 41, 1),
(56, 56, 42, 1),
(57, 57, 43, 1),
(58, 58, 44, 1),
(59, 59, 45, 1),
(60, 60, 46, 1),
(61, 61, 47, 1),
(62, 62, 48, 1),
(63, 63, 49, 1),
(64, 64, 50, 1),
(65, 65, 51, 1),
(66, 66, 52, 1),
(67, 67, 53, 1),
(68, 68, 54, 1),
(69, 69, 55, 1),
(70, 70, 56, 1),
(71, 71, 57, 1),
(72, 72, 58, 1),
(73, 73, 59, 1),
(74, 74, 60, 1),
(75, 75, 61, 1),
(76, 76, 62, 1),
(77, 77, 63, 1),
(78, 160, 64, 1),
(79, 78, 65, 1),
(80, 79, 66, 1),
(81, 80, 67, 1),
(82, 81, 68, 1),
(83, 82, 69, 1),
(84, 83, 70, 1),
(85, 84, 71, 1),
(86, 85, 72, 1),
(87, 86, 73, 1),
(88, 87, 74, 1),
(89, 88, 75, 1),
(90, 89, 76, 1),
(91, 90, 77, 1),
(92, 91, 78, 1),
(93, 92, 79, 1),
(94, 93, 80, 1),
(95, 94, 81, 1),
(96, 95, 82, 1),
(97, 96, 83, 1),
(98, 97, 84, 1),
(99, 98, 85, 1),
(100, 99, 86, 1),
(101, 100, 87, 1),
(102, 101, 88, 1),
(103, 102, 89, 1),
(104, 103, 90, 1),
(105, 104, 91, 1),
(106, 105, 92, 1),
(107, 106, 93, 1),
(108, 107, 94, 1),
(109, 108, 95, 1),
(110, 109, 96, 1),
(111, 110, 97, 1),
(112, 111, 98, 1),
(113, 112, 99, 1),
(114, 113, 100, 1),
(115, 114, 101, 1),
(116, 115, 102, 1),
(117, 116, 103, 1),
(118, 117, 104, 1),
(119, 118, 105, 1),
(120, 119, 106, 1),
(121, 120, 107, 1),
(122, 121, 108, 1),
(123, 122, 109, 1),
(124, 123, 110, 1),
(125, 124, 111, 1),
(126, 125, 112, 1),
(127, 126, 113, 1),
(128, 127, 114, 1),
(129, 128, 115, 1),
(130, 129, 116, 1),
(131, 130, 117, 1),
(132, 131, 118, 1),
(133, 132, 119, 1),
(134, 133, 120, 1),
(135, 134, 121, 1),
(136, 135, 122, 1),
(137, 136, 123, 1),
(138, 137, 124, 1),
(139, 138, 125, 1),
(140, 139, 126, 1),
(141, 140, 127, 1),
(142, 141, 128, 1),
(143, 142, 129, 1),
(144, 143, 130, 1),
(145, 144, 131, 1),
(146, 145, 132, 1),
(147, 146, 133, 1),
(148, 147, 134, 1),
(149, 148, 135, 1),
(150, 149, 136, 1),
(151, 150, 137, 1),
(152, 151, 138, 1),
(153, 152, 139, 1),
(154, 153, 140, 1),
(155, 154, 141, 1),
(156, 155, 142, 1),
(157, 156, 143, 1),
(158, 157, 144, 1),
(159, 158, 145, 1),
(160, 159, 146, 1),
(161, 15, 139, 2);

-- --------------------------------------------------------

--
-- Estructura de tabla para la tabla `estatus`
--

CREATE TABLE IF NOT EXISTS `estatus` (
  `codigo` int(11) NOT NULL AUTO_INCREMENT,
  `estatus` varchar(20) NOT NULL,
  PRIMARY KEY (`codigo`)
) ENGINE=InnoDB  DEFAULT CHARSET=utf8 AUTO_INCREMENT=3 ;

--
-- Volcado de datos para la tabla `estatus`
--

INSERT INTO `estatus` (`codigo`, `estatus`) VALUES
(1, 'ACTIVO'),
(2, 'INACTIVO');

-- --------------------------------------------------------

--
-- Estructura de tabla para la tabla `historico_accion`
--

CREATE TABLE IF NOT EXISTS `historico_accion` (
  `codigo` int(11) NOT NULL AUTO_INCREMENT,
  `codigo_accion` int(11) NOT NULL,
  `codigo_usuario` int(11) NOT NULL,
  `operacion` int(11) NOT NULL,
  `fecha` datetime NOT NULL,
  PRIMARY KEY (`codigo`),
  KEY `codigo_accion` (`codigo_accion`),
  KEY `codigo_usuario` (`codigo_usuario`),
  KEY `operacion` (`operacion`)
) ENGINE=InnoDB DEFAULT CHARSET=utf8 AUTO_INCREMENT=1 ;

-- --------------------------------------------------------

--
-- Estructura de tabla para la tabla `historico_aue`
--

CREATE TABLE IF NOT EXISTS `historico_aue` (
  `codigo` int(11) NOT NULL AUTO_INCREMENT,
  `accion_ue` int(11) NOT NULL,
  `codigo_usuario` int(11) NOT NULL,
  `operacion` int(11) NOT NULL,
  `fecha` datetime NOT NULL,
  PRIMARY KEY (`codigo`),
  KEY `accion_ue` (`accion_ue`),
  KEY `codigo_usuario` (`codigo_usuario`),
  KEY `operacion` (`operacion`)
) ENGINE=InnoDB DEFAULT CHARSET=utf8 AUTO_INCREMENT=1 ;

-- --------------------------------------------------------

--
-- Estructura de tabla para la tabla `historico_materiales_servicios`
--

CREATE TABLE IF NOT EXISTS `historico_materiales_servicios` (
  `codigo` int(11) NOT NULL AUTO_INCREMENT,
  `codigo_material_servicio` int(11) NOT NULL,
  `codigo_usuario` int(11) NOT NULL,
  `operacion` int(11) NOT NULL,
  `fecha` datetime NOT NULL,
  PRIMARY KEY (`codigo`),
  KEY `codigo_material_servicio` (`codigo_material_servicio`),
  KEY `codigo_usuario` (`codigo_usuario`),
  KEY `operacion` (`operacion`)
) ENGINE=InnoDB DEFAULT CHARSET=utf8 AUTO_INCREMENT=1 ;

-- --------------------------------------------------------

--
-- Estructura de tabla para la tabla `historico_presentacion`
--

CREATE TABLE IF NOT EXISTS `historico_presentacion` (
  `codigo` int(11) NOT NULL AUTO_INCREMENT,
  `codigo_presentacion` int(11) NOT NULL,
  `codigo_usuario` int(11) NOT NULL,
  `operacion` int(11) NOT NULL,
  `fecha` datetime NOT NULL,
  PRIMARY KEY (`codigo`),
  KEY `codigo_presentacion` (`codigo_presentacion`),
  KEY `codigo_usuario` (`codigo_usuario`),
  KEY `operacion` (`operacion`)
) ENGINE=InnoDB DEFAULT CHARSET=utf8 AUTO_INCREMENT=1 ;

-- --------------------------------------------------------

--
-- Estructura de tabla para la tabla `historico_proyecto`
--

CREATE TABLE IF NOT EXISTS `historico_proyecto` (
  `codigo` int(11) NOT NULL AUTO_INCREMENT,
  `codigo_proyecto` int(11) NOT NULL,
  `codigo_usuario` int(11) NOT NULL,
  `operacion` int(11) NOT NULL,
  `fecha` datetime NOT NULL,
  PRIMARY KEY (`codigo`),
  KEY `codigo_proyecto` (`codigo_proyecto`),
  KEY `codigo_usuario` (`codigo_usuario`),
  KEY `operacion` (`operacion`)
) ENGINE=InnoDB DEFAULT CHARSET=utf8 AUTO_INCREMENT=1 ;

-- --------------------------------------------------------

--
-- Estructura de tabla para la tabla `historico_reporte`
--

CREATE TABLE IF NOT EXISTS `historico_reporte` (
  `codigo` int(11) NOT NULL AUTO_INCREMENT,
  `codigo_reporte` int(11) NOT NULL,
  `codigo_usuario` int(11) NOT NULL,
  `operacion` int(11) NOT NULL,
  `fecha` datetime NOT NULL,
  PRIMARY KEY (`codigo`),
  KEY `codigo_reporte` (`codigo_reporte`),
  KEY `codigo_usuario` (`codigo_usuario`),
  KEY `operacion` (`operacion`)
) ENGINE=InnoDB DEFAULT CHARSET=utf8 AUTO_INCREMENT=1 ;

-- --------------------------------------------------------

--
-- Estructura de tabla para la tabla `historico_unidad_ejecutora`
--

CREATE TABLE IF NOT EXISTS `historico_unidad_ejecutora` (
  `codigo` int(11) NOT NULL AUTO_INCREMENT,
  `codigo_unidad_ejecutora` int(11) NOT NULL,
  `codigo_usuario` int(11) NOT NULL,
  `operacion` int(11) NOT NULL,
  `fecha` datetime NOT NULL,
  PRIMARY KEY (`codigo`),
  KEY `codigo_unidad_ejecutora` (`codigo_unidad_ejecutora`),
  KEY `codigo_usuario` (`codigo_usuario`),
  KEY `operacion` (`operacion`)
) ENGINE=InnoDB DEFAULT CHARSET=utf8 AUTO_INCREMENT=1 ;

-- --------------------------------------------------------

--
-- Estructura de tabla para la tabla `historico_unidad_medida`
--

CREATE TABLE IF NOT EXISTS `historico_unidad_medida` (
  `codigo` int(11) NOT NULL AUTO_INCREMENT,
  `codigo_unidad_medida` int(11) NOT NULL,
  `codigo_usuario` int(11) NOT NULL,
  `operacion` int(11) NOT NULL,
  `fecha` datetime NOT NULL,
  PRIMARY KEY (`codigo`),
  KEY `codigo_unidad_medida` (`codigo_unidad_medida`),
  KEY `codigo_usuario` (`codigo_usuario`),
  KEY `operacion` (`operacion`)
) ENGINE=InnoDB DEFAULT CHARSET=utf8 AUTO_INCREMENT=1 ;

-- --------------------------------------------------------

--
-- Estructura de tabla para la tabla `historico_usuario`
--

CREATE TABLE IF NOT EXISTS `historico_usuario` (
  `codigo` int(11) NOT NULL AUTO_INCREMENT,
  `usuario` int(11) NOT NULL,
  `codigo_usuario` int(11) NOT NULL,
  `operacion` int(11) NOT NULL,
  `fecha` datetime NOT NULL,
  PRIMARY KEY (`codigo`),
  KEY `usuario` (`usuario`),
  KEY `codigo_usuario` (`codigo_usuario`),
  KEY `operacion` (`operacion`)
) ENGINE=InnoDB DEFAULT CHARSET=utf8 AUTO_INCREMENT=1 ;

-- --------------------------------------------------------

--
-- Estructura de tabla para la tabla `iva`
--

CREATE TABLE IF NOT EXISTS `iva` (
  `codigo` int(11) NOT NULL AUTO_INCREMENT,
  `iva` int(11) NOT NULL,
  PRIMARY KEY (`codigo`)
) ENGINE=InnoDB  DEFAULT CHARSET=utf8 AUTO_INCREMENT=3 ;

--
-- Volcado de datos para la tabla `iva`
--

INSERT INTO `iva` (`codigo`, `iva`) VALUES
(1, 11),
(2, 12);

-- --------------------------------------------------------

--
-- Estructura de tabla para la tabla `materiales_servicios`
--

CREATE TABLE IF NOT EXISTS `materiales_servicios` (
  `codigo` int(11) NOT NULL AUTO_INCREMENT,
  `descripcion` text NOT NULL,
  `precio1` decimal(20,2) NOT NULL DEFAULT '0.00',
  `precio2` decimal(8,2) NOT NULL DEFAULT '0.00',
  `precio3` decimal(8,2) NOT NULL DEFAULT '0.00',
  `precio4` decimal(8,2) NOT NULL DEFAULT '0.00',
  `subpartida` int(11) NOT NULL,
  `unidad_medida` int(11) NOT NULL,
  `presentacion` int(11) NOT NULL,
  `estatus` int(11) NOT NULL DEFAULT '1',
  PRIMARY KEY (`codigo`),
  KEY `subpartida` (`subpartida`),
  KEY `unidad_medida` (`unidad_medida`),
  KEY `presentacion` (`presentacion`),
  KEY `estatus` (`estatus`)
) ENGINE=InnoDB DEFAULT CHARSET=utf8 AUTO_INCREMENT=1 ;

-- --------------------------------------------------------

--
-- Estructura de tabla para la tabla `nivel`
--

CREATE TABLE IF NOT EXISTS `nivel` (
  `codigo` int(11) NOT NULL AUTO_INCREMENT,
  `nivel` varchar(20) NOT NULL,
  PRIMARY KEY (`codigo`)
) ENGINE=InnoDB  DEFAULT CHARSET=utf8 AUTO_INCREMENT=4 ;

--
-- Volcado de datos para la tabla `nivel`
--

INSERT INTO `nivel` (`codigo`, `nivel`) VALUES
(1, 'Adminstrador'),
(2, 'Avanzado'),
(3, 'Usuario');

-- --------------------------------------------------------

--
-- Estructura de tabla para la tabla `operacion`
--

CREATE TABLE IF NOT EXISTS `operacion` (
  `codigo` int(11) NOT NULL AUTO_INCREMENT,
  `operacion` varchar(22) NOT NULL,
  PRIMARY KEY (`codigo`)
) ENGINE=InnoDB DEFAULT CHARSET=utf8 AUTO_INCREMENT=1 ;

-- --------------------------------------------------------

--
-- Estructura de tabla para la tabla `partida`
--

CREATE TABLE IF NOT EXISTS `partida` (
  `codigo` int(11) NOT NULL AUTO_INCREMENT,
  `partida` varchar(3) NOT NULL,
  `descripcion` text,
  PRIMARY KEY (`codigo`),
  UNIQUE KEY `partida` (`partida`)
) ENGINE=InnoDB  DEFAULT CHARSET=utf8 AUTO_INCREMENT=13 ;

--
-- Volcado de datos para la tabla `partida`
--

INSERT INTO `partida` (`codigo`, `partida`, `descripcion`) VALUES
(1, '401', 'Gastos de Personal'),
(2, '402', 'Materiales, Suministros y Mercancías'),
(3, '403', 'Servicios No Personales'),
(4, '404', 'Activos Reales'),
(5, '405', 'Activos Financieros'),
(6, '406', 'Gastos de Defensa y Seguridad del Estado'),
(7, '407', 'Transferencias y Donaciones'),
(8, '408', 'Otros Gastos'),
(9, '409', 'Asignaciones No Distribuidas'),
(10, '410', 'Servicio de la Deuda Pública'),
(11, '411', 'Disminución de pasivos'),
(12, '412', 'Disminución del Patrimonio');

-- --------------------------------------------------------

--
-- Estructura de tabla para la tabla `presentacion`
--

CREATE TABLE IF NOT EXISTS `presentacion` (
  `codigo` int(11) NOT NULL AUTO_INCREMENT,
  `presentacion` text NOT NULL,
  `estatus` int(11) NOT NULL DEFAULT '1',
  PRIMARY KEY (`codigo`),
  KEY `estatus` (`estatus`)
) ENGINE=InnoDB DEFAULT CHARSET=utf8 AUTO_INCREMENT=1 ;

-- --------------------------------------------------------

--
-- Estructura de tabla para la tabla `proyecto`
--

CREATE TABLE IF NOT EXISTS `proyecto` (
  `codigo` int(11) NOT NULL AUTO_INCREMENT,
  `codigo_sne` varchar(11) NOT NULL,
  `nombre` text NOT NULL,
  `estatus` int(11) NOT NULL DEFAULT '1',
  PRIMARY KEY (`codigo`),
  UNIQUE KEY `codigo_sne` (`codigo_sne`),
  KEY `estatus` (`estatus`)
) ENGINE=InnoDB  DEFAULT CHARSET=utf8 AUTO_INCREMENT=160 ;

--
-- Volcado de datos para la tabla `proyecto`
--

INSERT INTO `proyecto` (`codigo`, `codigo_sne`, `nombre`, `estatus`) VALUES
(15, 'AC001', '0002-GESTIÓN ADMINISTRATIVA:DESPACHO DEL MINISTRO DEL PODER POPULAR PARA EL PROCESO SOCIAL DE TRABAJO', 1),
(16, 'AC002', '0002-GESTIÓN ADMINISTRATIVA:DIRECCIÓN GENERAL DEL DESPACHO', 1),
(17, 'AC003', '0002-GESTIÓN ADMINISTRATIVA:OFICINA ESTRATÉGICA DE SEGUIMIENTO Y EVALUACIÓN DE POLÍTICAS PÚBLICAS', 1),
(18, 'AC004', '0002-GESTIÓN ADMINISTRATIVA:CONSULTORÍA JURÍDICA', 1),
(19, 'AC005', '0002-GESTIÓN ADMINISTRATIVA:OFICINA DE AUDITORÍA INTERNA', 1),
(20, 'AC006', '0002-GESTIÓN ADMINISTRATIVA:OFICINA DE ATENCIÓN CIUDADANA', 1),
(21, 'AC007', '0002-GESTIÓN ADMINISTRATIVA:OFICINA DE GESTIÓN COMUNICACIONAL', 1),
(22, 'AC008', '0002-GESTIÓN ADMINISTRATIVA:OFICINA DE PLANIFICACIÓN Y PRESUPUESTO', 1),
(23, 'AC009', 'OFICINA DE GESTIÓN HUMANA', 1),
(24, 'AC010', '0002-GESTIÓN ADMINISTRATIVA:OFICINA DE GESTIÓN ADMINISTRATIVA', 1),
(25, 'AC011', '0002-GESTIÓN ADMINISTRATIVA:OFICINA DE TECNOLOGÍAS DE LA INFORMACIÓN Y LA COMUNICACIÓN', 1),
(26, 'AC012', '0002-GESTIÓN ADMINISTRATIVA:DESPACHO DEL VICEMINISTRO PARA EDUCACIÓN Y EL TRABAJO PARA LA LIBERACIÓN', 1),
(27, 'AC013', '0002-GESTIÓN ADMINISTRATIVA:DIRECCIÓN GENERAL DE AUTOFORMACIÓN DESDE EL PROCESO SOCIAL DE TRABAJO', 1),
(28, 'AC014', '0002-GESTIÓN ADMINISTRATIVA:DIRECCIÓN GENERAL DE FORMACIÓN PARA LA PARTICIPACIÓN EN EL PROCESO SOCIAL DE TRABAJO LIBERADOR', 1),
(29, 'AC015', '0002-GESTIÓN ADMINISTRATIVA:DESPACHO DEL VICEMINISTRO DE PREVISIÓN SOCIAL', 1),
(30, 'AC016', '0002-GESTIÓN ADMINISTRATIVA:DIRECCIÓN GENERAL DE PENSIONES Y OTRAS ASIGNACIONES ECONÓMICAS Y EMPLEO', 1),
(31, 'AC017', '0002-GESTIÓN ADMINISTRATIVA:DIRECCIÓN GENERAL DE SALUD Y SEGURIDAD LABORAL', 1),
(32, 'AC018', '0002-GESTIÓN ADMINISTRATIVA:DESPACHO DEL VICEMINISTRO DE PARA DERECHOS Y RELACIONES LABORALES', 1),
(33, 'AC019', '0002-GESTIÓN ADMINISTRATIVA:DIRECCIÓN GENERAL DE PARTICIPACIÓN EN EL PROCESO SOCIAL DE TRABAJO Y RELACIONES LABORALES', 1),
(34, 'AC020', '0002-GESTIÓN ADMINISTRATIVA:DIRECCIÓN GENERAL PARA LA ASESORÍA, ASISTENCIA LEGAL Y DEFENSA DE TRABAJADORES Y TRABAJADORAS', 1),
(35, 'AC021', '0002-GESTIÓN ADMINISTRATIVA:DIRECCIÓN GENERAL DE ORGANIZACIONES SINDICALES Y NEGOCIACIONES COLECTIVAS', 1),
(36, 'AC022', '0002-GESTIÓN ADMINISTRATIVA:DESPACHO DEL VICEMINISTRO DE PARA EL SISTEMA INTEGRADO DE INSPECCIÓN LABORAL Y DE LA SEGURIDAD SOCIAL', 1),
(37, 'AC023', '0002-GESTIÓN ADMINISTRATIVA:DIRECCIÓN GENERAL DE CONTRALORÍA SOCIAL DE TRABAJO', 1),
(38, 'AC024', '0002-GESTIÓN ADMINISTRATIVA:DIRECCIÓN GENERAL DE SUPERVISIÓN DE ENTIDADES Y MODALIDADES ESPECIALES DE TRABAJO', 1),
(39, 'AC025', '0002-GESTIÓN ADMINISTRATIVA:DIRECCIÓN DE RELACIONES INTERNACIONALES Y ENLACE CON LA OIT', 1),
(40, 'AC026', '0002-GESTIÓN ADMINISTRATIVA:DIRECCIÓN DE BIENES Y SERVICIOS', 1),
(41, 'AC028', '0002-GESTIÓN ADMINISTRATIVA:DIRECCION ESTADAL DISTRITO CAPITAL', 1),
(42, 'AC029', '0002-GESTIÓN ADMINISTRATIVA:DIRECCION ESTADAL AMAZONAS', 1),
(43, 'AC030', '0002-GESTIÓN ADMINISTRATIVA:DIRECCION ESTADAL ANZOATEGUI', 1),
(44, 'AC031', '0002-GESTIÓN ADMINISTRATIVA:DIRECCION ESTADAL APURE', 1),
(45, 'AC032', '0002-GESTIÓN ADMINISTRATIVA:DIRECCION ESTADAL ARAGUA', 1),
(46, 'AC033', '0002-GESTIÓN ADMINISTRATIVA:DIRECCION ESTADAL BARINAS', 1),
(47, 'AC034', '0002-GESTIÓN ADMINISTRATIVA:DIRECCION ESTADAL BOLIVAR', 1),
(48, 'AC035', '0002-GESTIÓN ADMINISTRATIVA:DIRECCION ESTADAL CARABOBO', 1),
(49, 'AC036', '0002-GESTIÓN ADMINISTRATIVA:DIRECCION ESTADAL COJEDES', 1),
(50, 'AC037', '0002-GESTIÓN ADMINISTRATIVA:DIRECCION ESTADAL DELTA AMACURO', 1),
(51, 'AC038', '0002-GESTIÓN ADMINISTRATIVA:DIRECCION ESTADAL FALCON', 1),
(52, 'AC039', '0002-GESTIÓN ADMINISTRATIVA:DIRECCION ESTADAL GUARICO', 1),
(53, 'AC040', '0002-GESTIÓN ADMINISTRATIVA:DIRECCION ESTADAL LARA', 1),
(54, 'AC041', '0002-GESTIÓN ADMINISTRATIVA:DIRECCION ESTADAL MERIDA', 1),
(55, 'AC042', '0002-GESTIÓN ADMINISTRATIVA:DIRECCION ESTADAL MIRANDA', 1),
(56, 'AC043', '0002-GESTIÓN ADMINISTRATIVA:DIRECCION ESTADAL MONAGAS', 1),
(57, 'AC044', '0002-GESTIÓN ADMINISTRATIVA:DIRECCION ESTADAL NUEVA ESPARTA', 1),
(58, 'AC045', '0002-GESTIÓN ADMINISTRATIVA:DIRECCION ESTADAL PORTUGUESA', 1),
(59, 'AC046', '0002-GESTIÓN ADMINISTRATIVA:DIRECCION ESTADAL SUCRE', 1),
(60, 'AC047', '0002-GESTIÓN ADMINISTRATIVA:DIRECCION ESTADAL TACHIRA', 1),
(61, 'AC048', '0002-GESTIÓN ADMINISTRATIVA:DIRECCION ESTADAL TRUJILLO', 1),
(62, 'AC049', '0002-GESTIÓN ADMINISTRATIVA:DIRECCION ESTADAL VARGAS', 1),
(63, 'AC050', '0002-GESTIÓN ADMINISTRATIVA:DIRECCION ESTADAL YARACUY', 1),
(64, 'AC051', '0002-GESTIÓN ADMINISTRATIVA:DIRECCION ESTADAL ZULIA', 1),
(65, 'AC052', '0002-GESTIÓN ADMINISTRATIVA: PROCURADURIAS DISTRITO CAPITAL', 1),
(66, 'AC053', '0002-GESTIÓN ADMINISTRATIVA: PROCURADURIAS AMAZONAS', 1),
(67, 'AC054', '0002-GESTIÓN ADMINISTRATIVA: PROCURADURIAS ANZOATEGUI', 1),
(68, 'AC055', '0002-GESTIÓN ADMINISTRATIVA: PROCURADURIAS APURE', 1),
(69, 'AC056', '0002-GESTIÓN ADMINISTRATIVA: PROCURADURIAS ARAGUA', 1),
(70, 'AC057', '0002-GESTIÓN ADMINISTRATIVA: PROCURADURIAS BARINAS', 1),
(71, 'AC058', '0002-GESTIÓN ADMINISTRATIVA: PROCURADURIAS BOLIVAR', 1),
(72, 'AC059', '0002-GESTIÓN ADMINISTRATIVA: PROCURADURIAS CARABOBO', 1),
(73, 'AC060', '0002-GESTIÓN ADMINISTRATIVA: PROCURADURIAS COJEDES', 1),
(74, 'AC061', '0002-GESTIÓN ADMINISTRATIVA: PROCURADURIAS DELTA AMACURO', 1),
(75, 'AC062', '0002-GESTIÓN ADMINISTRATIVA: PROCURADURIAS FALCON', 1),
(76, 'AC063', '0002-GESTIÓN ADMINISTRATIVA: PROCURADURIAS GUARICO', 1),
(77, 'AC064', '0002-GESTIÓN ADMINISTRATIVA: PROCURADURIAS MERIDA', 1),
(78, 'AC065', '0002-GESTIÓN ADMINISTRATIVA: PROCURADURIAS MIRANDA', 1),
(79, 'AC066', '0002-GESTIÓN ADMINISTRATIVA: PROCURADURIAS MONAGAS', 1),
(80, 'AC067', '0002-GESTIÓN ADMINISTRATIVA: PROCURADURIAS NUEVA ESPARTA', 1),
(81, 'AC068', '0002-GESTIÓN ADMINISTRATIVA: PROCURADURIAS PORTUGUESA', 1),
(82, 'AC069', '0002-GESTIÓN ADMINISTRATIVA: PROCURADURIAS SUCRE', 1),
(83, 'AC070', '0002-GESTIÓN ADMINISTRATIVA: PROCURADURIAS TACHIRA', 1),
(84, 'AC071', '0002-GESTIÓN ADMINISTRATIVA: PROCURADURIAS TRUJILLO', 1),
(85, 'AC072', '0002-GESTIÓN ADMINISTRATIVA: PROCURADURIAS VARGAS', 1),
(86, 'AC073', '0002-GESTIÓN ADMINISTRATIVA: PROCURADURIAS YARACUY', 1),
(87, 'AC074', '0002-GESTIÓN ADMINISTRATIVA: PROCURADURIAS ZULIA', 1),
(88, 'AC075', '0002-GESTIÓN ADMINISTRATIVA: INSPECTORIAS DISTRITO CAPITAL', 1),
(89, 'AC076', '0002-GESTIÓN ADMINISTRATIVA: INSPECTORIAS AMAZONAS', 1),
(90, 'AC077', '0002-GESTIÓN ADMINISTRATIVA: INSPECTORIAS ANZOATEGUI', 1),
(91, 'AC078', '0002-GESTIÓN ADMINISTRATIVA: INSPECTORIAS APURE', 1),
(92, 'AC079', '0002-GESTIÓN ADMINISTRATIVA: INSPECTORIAS ARAGUA', 1),
(93, 'AC080', '0002-GESTIÓN ADMINISTRATIVA: INSPECTORIAS BARINAS', 1),
(94, 'AC081', '0002-GESTIÓN ADMINISTRATIVA: INSPECTORIAS BOLIVAR', 1),
(95, 'AC082', '0002-GESTIÓN ADMINISTRATIVA: INSPECTORIAS CARABOBO', 1),
(96, 'AC083', '0002-GESTIÓN ADMINISTRATIVA: INSPECTORIAS COJEDES', 1),
(97, 'AC084', '0002-GESTIÓN ADMINISTRATIVA: INSPECTORIAS DELTA AMACURO', 1),
(98, 'AC085', '0002-GESTIÓN ADMINISTRATIVA: INSPECTORIAS FALCON', 1),
(99, 'AC086', '0002-GESTIÓN ADMINISTRATIVA: INSPECTORIAS GUARICO', 1),
(100, 'AC087', '0002-GESTIÓN ADMINISTRATIVA: INSPECTORIAS LARA', 1),
(101, 'AC088', '0002-GESTIÓN ADMINISTRATIVA: INSPECTORIAS MERIDA', 1),
(102, 'AC089', '0002-GESTIÓN ADMINISTRATIVA: INSPECTORIAS MIRANDA', 1),
(103, 'AC090', '0002-GESTIÓN ADMINISTRATIVA: INSPECTORIAS MONAGAS', 1),
(104, 'AC091', '0002-GESTIÓN ADMINISTRATIVA: INSPECTORIAS NUEVA ESPARTA', 1),
(105, 'AC092', '0002-GESTIÓN ADMINISTRATIVA: INSPECTORIAS PORTUGUESA', 1),
(106, 'AC093', '0002-GESTIÓN ADMINISTRATIVA: INSPECTORIAS SUCRE', 1),
(107, 'AC094', '0002-GESTIÓN ADMINISTRATIVA: INSPECTORIAS TACHIRA', 1),
(108, 'AC095', '0002-GESTIÓN ADMINISTRATIVA: INSPECTORIAS TRUJILLO', 1),
(109, 'AC096', '0002-GESTIÓN ADMINISTRATIVA: INSPECTORIAS VARGAS', 1),
(110, 'AC097', '0002-GESTIÓN ADMINISTRATIVA: INSPECTORIAS YARACUY', 1),
(111, 'AC098', '0002-GESTIÓN ADMINISTRATIVA: INSPECTORIAS ZULIA', 1),
(112, 'AC099', '0002-GESTIÓN ADMINISTRATIVA: UNIDAD DE SUPERVISION DISTRITO CAPITAL', 1),
(113, 'AC100', '0002-GESTIÓN ADMINISTRATIVA: UNIDAD DE SUPERVISION AMAZONAS', 1),
(114, 'AC101', '0002-GESTIÓN ADMINISTRATIVA: UNIDAD DE SUPERVISION ANZOATEGUI', 1),
(115, 'AC102', '0002-GESTIÓN ADMINISTRATIVA: UNIDAD DE SUPERVISION APURE', 1),
(116, 'AC103', '0002-GESTIÓN ADMINISTRATIVA: UNIDAD DE SUPERVISION ARAGUA', 1),
(117, 'AC104', '0002-GESTIÓN ADMINISTRATIVA: UNIDAD DE SUPERVISION BARINAS', 1),
(118, 'AC105', '0002-GESTIÓN ADMINISTRATIVA: UNIDAD DE SUPERVISION BOLIVAR', 1),
(119, 'AC106', '0002-GESTIÓN ADMINISTRATIVA: UNIDAD DE SUPERVISION CARABOBO', 1),
(120, 'AC107', '0002-GESTIÓN ADMINISTRATIVA: UNIDAD DE SUPERVISION COJEDES', 1),
(121, 'AC108', '0002-GESTIÓN ADMINISTRATIVA: UNIDAD DE SUPERVISION DELTA AMACURO', 1),
(122, 'AC109', '0002-GESTIÓN ADMINISTRATIVA: UNIDAD DE SUPERVISION FALCON', 1),
(123, 'AC110', '0002-GESTIÓN ADMINISTRATIVA: UNIDAD DE SUPERVISION GUARICO', 1),
(124, 'AC111', '0002-GESTIÓN ADMINISTRATIVA: UNIDAD DE SUPERVISION LARA', 1),
(125, 'AC112', '0002-GESTIÓN ADMINISTRATIVA: UNIDAD DE SUPERVISION MERIDA', 1),
(126, 'AC113', '0002-GESTIÓN ADMINISTRATIVA: UNIDAD DE SUPERVISION MIRANDA', 1),
(127, 'AC114', '0002-GESTIÓN ADMINISTRATIVA: UNIDAD DE SUPERVISION MONAGAS', 1),
(128, 'AC115', '0002-GESTIÓN ADMINISTRATIVA: UNIDAD DE SUPERVISION NUEVA ESPARTA', 1),
(129, 'AC116', '0002-GESTIÓN ADMINISTRATIVA: UNIDAD DE SUPERVISION PORTUGUESA', 1),
(130, 'AC117', '0002-GESTIÓN ADMINISTRATIVA: UNIDAD DE SUPERVISION SUCRE', 1),
(131, 'AC118', '0002-GESTIÓN ADMINISTRATIVA: UNIDAD DE SUPERVISION TACHIRA', 1),
(132, 'AC119', '0002-GESTIÓN ADMINISTRATIVA: UNIDAD DE SUPERVISION TRUJILLO', 1),
(133, 'AC120', '0002-GESTIÓN ADMINISTRATIVA: UNIDAD DE SUPERVISION VARGAS', 1),
(134, 'AC121', '0002-GESTIÓN ADMINISTRATIVA: UNIDAD DE SUPERVISION YARACUY', 1),
(135, 'AC122', '0002-GESTIÓN ADMINISTRATIVA: UNIDAD DE SUPERVISION ZULIA', 1),
(136, 'AC123', '0002-GESTIÓN ADMINISTRATIVA: CENTROS DE ENCUENTRO PARA LA EDUCACION Y EL TRABAJO DISTRITO CAPITAL', 1),
(137, 'AC124', '0002-GESTIÓN ADMINISTRATIVA: CENTROS DE ENCUENTRO PARA LA EDUCACION Y EL TRABAJO ANZOATEGUI', 1),
(138, 'AC125', '0002-GESTIÓN ADMINISTRATIVA: CENTROS DE ENCUENTRO PARA LA EDUCACION Y EL TRABAJO APURE', 1),
(139, 'AC126', '0002-GESTIÓN ADMINISTRATIVA: CENTROS DE ENCUENTRO PARA LA EDUCACION Y EL TRABAJO ARAGUA', 1),
(140, 'AC127', '0002-GESTIÓN ADMINISTRATIVA: CENTROS DE ENCUENTRO PARA LA EDUCACION Y EL TRABAJO BARINAS', 1),
(141, 'AC128', '0002-GESTIÓN ADMINISTRATIVA: CENTROS DE ENCUENTRO PARA LA EDUCACION Y EL TRABAJO BOLIVAR', 1),
(142, 'AC129', '0002-GESTIÓN ADMINISTRATIVA: CENTROS DE ENCUENTRO PARA LA EDUCACION Y EL TRABAJO CARABOBO', 1),
(143, 'AC130', '0002-GESTIÓN ADMINISTRATIVA: CENTROS DE ENCUENTRO PARA LA EDUCACION Y EL TRABAJO COJEDES', 1),
(144, 'AC131', '0002-GESTIÓN ADMINISTRATIVA: CENTROS DE ENCUENTRO PARA LA EDUCACION Y EL TRABAJO DELTA AMACURO', 1),
(145, 'AC132', '0002-GESTIÓN ADMINISTRATIVA: CENTROS DE ENCUENTRO PARA LA EDUCACION Y EL TRABAJO FALCON', 1),
(146, 'AC133', '0002-GESTIÓN ADMINISTRATIVA: CENTROS DE ENCUENTRO PARA LA EDUCACION Y EL TRABAJO GUARICO', 1),
(147, 'AC134', '0002-GESTIÓN ADMINISTRATIVA: CENTROS DE ENCUENTRO PARA LA EDUCACION Y EL TRABAJO LARA', 1),
(148, 'AC135', '0002-GESTIÓN ADMINISTRATIVA: CENTROS DE ENCUENTRO PARA LA EDUCACION Y EL TRABAJO MERIDA', 1),
(149, 'AC136', '0002-GESTIÓN ADMINISTRATIVA: CENTROS DE ENCUENTRO PARA LA EDUCACION Y EL TRABAJO MIRANDA', 1),
(150, 'AC137', '0002-GESTIÓN ADMINISTRATIVA: CENTROS DE ENCUENTRO PARA LA EDUCACION Y EL TRABAJO MONAGAS', 1),
(151, 'AC138', '0002-GESTIÓN ADMINISTRATIVA: CENTROS DE ENCUENTRO PARA LA EDUCACION Y EL TRABAJO NUEVA ESPARTA', 1),
(152, 'AC139', '0002-GESTIÓN ADMINISTRATIVA: CENTROS DE ENCUENTRO PARA LA EDUCACION Y EL TRABAJO PORTUGUESA', 1),
(153, 'AC140', '0002-GESTIÓN ADMINISTRATIVA: CENTROS DE ENCUENTRO PARA LA EDUCACION Y EL TRABAJO SUCRE', 1),
(154, 'AC141', '0002-GESTIÓN ADMINISTRATIVA: CENTROS DE ENCUENTRO PARA LA EDUCACION Y EL TRABAJO TACHIRA', 1),
(155, 'AC142', '0002-GESTIÓN ADMINISTRATIVA: CENTROS DE ENCUENTRO PARA LA EDUCACION Y EL TRABAJO TRUJILLO', 1),
(156, 'AC143', '0002-GESTIÓN ADMINISTRATIVA: CENTROS DE ENCUENTRO PARA LA EDUCACION Y EL TRABAJO VARGAS', 1),
(157, 'AC144', '0002-GESTIÓN ADMINISTRATIVA: CENTROS DE ENCUENTRO PARA LA EDUCACION Y EL TRABAJO YARACUY', 1),
(158, 'AC145', '0002-GESTIÓN ADMINISTRATIVA: CENTROS DE ENCUENTRO PARA LA EDUCACION Y EL TRABAJO ZULIA', 1),
(159, 'AC027', '0002-GESTIÓN ADMINISTRATIVA: PROCURADURIAS LARA', 1);

-- --------------------------------------------------------

--
-- Estructura de tabla para la tabla `reporte`
--

CREATE TABLE IF NOT EXISTS `reporte` (
  `codigo` int(11) NOT NULL AUTO_INCREMENT,
  `accion_ue` int(11) NOT NULL,
  `imputacion_presupuestaria` varchar(9) NOT NULL,
  `material_servicio` int(11) NOT NULL,
  `unidad_medida` int(11) NOT NULL,
  `presentacion` int(11) NOT NULL,
  `unidad_presentacion` int(11) NOT NULL,
  `precio_unitario` decimal(10,2) NOT NULL,
  `iva` int(11) NOT NULL DEFAULT '0',
  `trim_i` int(11) NOT NULL DEFAULT '0',
  `trim_ii` int(11) NOT NULL DEFAULT '0',
  `trim_iii` int(11) NOT NULL DEFAULT '0',
  `trim_iv` int(11) NOT NULL DEFAULT '0',
  `sub_total` decimal(20,2) NOT NULL,
  `total_iva` decimal(20,2) NOT NULL DEFAULT '0.00',
  `total` decimal(20,2) NOT NULL,
  `presupuesto_utilizado` float(10,2) NOT NULL,
  `estatus` int(11) NOT NULL DEFAULT '1',
  PRIMARY KEY (`codigo`),
  KEY `codigo_accion` (`accion_ue`),
  KEY `material_servicio` (`material_servicio`),
  KEY `unidad_medida` (`unidad_medida`),
  KEY `presentacion` (`presentacion`),
  KEY `estatus` (`estatus`)
) ENGINE=InnoDB DEFAULT CHARSET=utf8 AUTO_INCREMENT=1 ;

-- --------------------------------------------------------

--
-- Estructura de tabla para la tabla `subpartida`
--

CREATE TABLE IF NOT EXISTS `subpartida` (
  `codigo` int(11) NOT NULL AUTO_INCREMENT,
  `partida` varchar(3) NOT NULL,
  `ge` varchar(2) NOT NULL,
  `es` varchar(2) NOT NULL,
  `se` varchar(2) NOT NULL,
  `descripcion` text NOT NULL,
  PRIMARY KEY (`codigo`),
  KEY `partida` (`partida`)
) ENGINE=InnoDB  DEFAULT CHARSET=utf8 AUTO_INCREMENT=167 ;

--
-- Volcado de datos para la tabla `subpartida`
--

INSERT INTO `subpartida` (`codigo`, `partida`, `ge`, `es`, `se`, `descripcion`) VALUES
(1, '402', '00', '00', '00', 'Materiales, Suministros y Mercancías'),
(2, '402', '01', '00', '00', 'Productos alimenticios y agropecuarios'),
(3, '402', '01', '01', '00', 'Alimentos y bebidas para personas'),
(4, '402', '01', '03', '00', 'Productos agrícolas y pecuarios'),
(5, '402', '02', '00', '00', 'Productos de mina, canteras y yacimientos'),
(6, '402', '02', '05', '00', 'Piedra, arcilla, arena y tierra'),
(7, '402', '03', '00', '00', 'Textiles y vestuarios'),
(8, '402', '03', '01', '00', 'Textiles'),
(9, '402', '03', '02', '00', 'Prendas de vestir'),
(10, '402', '03', '03', '00', 'Calzados'),
(11, '402', '04', '00', '00', 'Productos de cuero y caucho'),
(12, '402', '04', '01', '00', 'Cueros y pieles'),
(13, '402', '04', '03', '00', 'Cauchos y tripas para vehículos'),
(14, '402', '04', '99', '00', 'Otros Productos de Cuero y Caucho'),
(15, '402', '05', '00', '00', 'Productos de papel, cartón e impresos'),
(16, '402', '05', '01', '00', 'Pulpa de madera, papel y cartón'),
(17, '402', '05', '02', '00', 'Envases y cajas de papel y cartón'),
(18, '402', '05', '03', '00', 'Productos de papel y cartón para oficina'),
(19, '402', '05', '04', '00', 'Libros, revistas y periódicos'),
(20, '402', '05', '06', '00', 'Productos de papel y cartón para computación'),
(21, '402', '05', '07', '00', 'Productos de papel y cartón para la imprenta y reproducción'),
(22, '402', '05', '99', '00', 'Otros Productos de pulpa, papel y cartón'),
(23, '402', '06', '00', '00', 'Productos químicos y derivados'),
(24, '402', '06', '03', '00', 'Tintas, pinturas y colorantes'),
(25, '402', '06', '04', '00', 'Productos farmacéuticos y medicamentos'),
(26, '402', '06', '05', '00', 'Productos de tocador'),
(27, '402', '06', '06', '00', 'Combustibles y lubricantes'),
(28, '402', '06', '07', '00', 'Productos diversos derivados del petróleo y del carbón'),
(29, '402', '06', '08', '00', 'Productos plásticos'),
(30, '402', '07', '00', '00', 'Productos minerales no metálicos'),
(31, '402', '07', '01', '00', 'Productos de barro, loza y porcelana'),
(32, '402', '07', '02', '00', 'Vidrios y productos de vidrio'),
(33, '402', '07', '04', '00', 'Cemento, cal y yeso'),
(34, '402', '08', '00', '00', 'Productos metálicos'),
(35, '402', '08', '02', '00', 'Productos de metales no ferrosos'),
(36, '402', '08', '03', '00', 'Herramientas menores, cuchillería y artículos generales de ferretería'),
(37, '402', '08', '07', '00', 'Marteriales de señalamiento'),
(38, '402', '08', '09', '00', 'Repuestos y accesorios para equipos de trasporte'),
(39, '402', '08', '10', '00', 'Repuestos y accesorios para otros equipos'),
(40, '402', '08', '99', '00', 'Otros productos metálicos'),
(41, '402', '09', '00', '00', 'Productos de madera'),
(42, '402', '09', '02', '00', 'Muebles y accesorios de madera para edificaciones'),
(43, '402', '10', '00', '00', 'Productos varios y útiles diversos'),
(44, '402', '10', '01', '00', 'Artículos de deporte, recreación y juguetes'),
(45, '402', '10', '02', '00', 'Materiales y útiles de limpieza y aseo'),
(46, '402', '10', '03', '00', 'Utensilios de cocina y comedor'),
(47, '402', '10', '04', '00', 'Utiles menores medico-quirúrgicos de laboratorio, dentales y de veterinaria'),
(48, '402', '10', '05', '00', 'Útiles de escritorio, oficina y materiales de instrucción'),
(49, '402', '10', '06', '00', 'Condecoraciones ofrendas y similares'),
(50, '402', '10', '07', '00', 'Productos de seguridad del trabajo'),
(51, '402', '10', '08', '00', 'Materiales para equipos de computación'),
(52, '402', '10', '09', '00', 'Especies timbradas y valores'),
(53, '402', '10', '11', '00', 'Materiales eléctricos'),
(54, '402', '10', '12', '00', 'Materiales para instalaciones sanitarias'),
(55, '402', '10', '13', '00', 'Materiales fotográficos'),
(56, '402', '10', '99', '00', 'Otros productos y útiles diversos'),
(57, '402', '99', '01', '00', 'Otros materiales y suministros'),
(58, '403', '00', '00', '00', 'Servicios no Personales'),
(59, '403', '01', '00', '00', 'Alquiler de inmuebles'),
(60, '403', '01', '01', '00', 'Alquiler de edificios y locales'),
(61, '403', '02', '00', '00', 'Alquileres de maquinaria y equipos'),
(62, '403', '02', '02', '00', 'Alquileres de equipos de transporte, tracción y elevación'),
(63, '403', '04', '00', '00', 'Servicios básicos'),
(64, '403', '04', '01', '00', 'Electricidad'),
(65, '403', '04', '03', '00', 'Agua'),
(66, '403', '04', '04', '00', 'Teléfono'),
(67, '403', '04', '05', '00', 'Servicio de comunicaciones'),
(68, '403', '04', '06', '00', 'Servicio de aseo urbano y domiciliario'),
(69, '403', '04', '07', '00', 'Servicios de condominios'),
(70, '403', '06', '00', '00', 'Servicio de transporte y almacenaje'),
(71, '403', '06', '01', '00', 'Fletes y embalaje'),
(72, '403', '06', '02', '00', 'Almacenaje'),
(73, '403', '06', '03', '00', 'Estacionamiento'),
(74, '403', '06', '05', '00', 'Servicio de protección en trabajo de fondos y de mensajería'),
(75, '403', '07', '00', '00', 'Servicio de información, impresión y relaciones publicas'),
(76, '403', '07', '01', '00', 'Publicidad y propaganda'),
(77, '403', '07', '02', '00', 'Imprenta y reproducción'),
(78, '403', '07', '03', '00', 'Relaciones sociales'),
(79, '403', '07', '04', '00', 'Avisos'),
(80, '403', '08', '00', '00', 'Primas y otros gastos de seguros y comisiones bancarias'),
(81, '403', '08', '01', '00', 'Primas y gastos de seguros'),
(82, '403', '08', '02', '00', 'Comisiones y gastos bancarios'),
(83, '403', '09', '00', '00', 'Viáticos y pasajes'),
(84, '403', '09', '01', '00', 'Viáticos y pasajes dentro del país'),
(85, '403', '09', '02', '00', 'Viáticos y pasajes fuera del país'),
(86, '403', '10', '00', '00', 'Servicios profesionales y técnicos'),
(87, '403', '10', '01', '00', 'Servicios jurídicos'),
(88, '403', '10', '02', '00', 'Servicios de contabilidad y auditoria'),
(89, '403', '10', '03', '00', 'Servicio de procesamiento de datos'),
(90, '403', '10', '04', '00', 'Servicio de ingenieria y arquitectónicos'),
(91, '403', '10', '07', '00', 'Servicio de capacitación y adiestramiento'),
(92, '403', '10', '99', '00', 'Otros servicios profesionales y técnicos'),
(93, '403', '11', '00', '00', 'Conservación y reparaciones menores de maquinaria y equipos'),
(94, '403', '11', '01', '00', 'Conservación y reparaciones menores de maquinaria y demás equipos de trasporte tracción, campo, industria taller'),
(95, '403', '11', '02', '00', 'Conservación y reparaciones menores de equipos de transporte, tracción y elevación'),
(96, '403', '11', '03', '00', 'Conservación y reparaciones de equipos de comunicaciones y señalamiento'),
(97, '403', '11', '05', '00', 'Conservación y reparaciones menores de equipos científicos religiosos de enseñanza y recreación'),
(98, '403', '11', '07', '00', 'Conservación y reparaciones menores de maquinas, muebles y demás equipos de oficina y alojamiento'),
(99, '403', '11', '99', '00', 'Conservación y reparaciones menores de otras maquinarias y equipos'),
(100, '403', '12', '00', '00', 'Conservación y reparaciones menores de obras'),
(101, '403', '12', '01', '00', 'Conservación y reparaciones menores de obras de bienes del dominio privado'),
(102, '403', '16', '00', '00', 'Servicio de diversión, esparcimiento y culturales'),
(103, '403', '16', '01', '00', 'Servicio de diversión, esparcimiento y culturales'),
(104, '403', '19', '01', '00', 'Comisiones por servicios para cumplir con los beneficios sociales'),
(105, '403', '99', '00', '00', 'Otros servicios no personales'),
(106, '403', '99', '01', '00', 'Otros servicios no personales'),
(107, '404', '00', '00', '00', 'Activos reales'),
(108, '404', '01', '00', '00', 'Repuestos y reparaciones mayores'),
(109, '404', '01', '01', '00', 'Repuestos mayores'),
(110, '404', '01', '02', '00', 'Repación mayores de maquinaria y equipos'),
(111, '404', '01', '01', '03', 'Repuestos mayores para equipos de comunicación y señalamiento'),
(112, '404', '03', '00', '00', 'Maquinarias y demas equipos de construcción, campo industria y taller'),
(113, '404', '03', '01', '00', 'Maquinarias y demas equipos de construcción y mantenimiento'),
(114, '404', '03', '02', '00', 'Maquinarias y equipos para matenimiento de automotores'),
(115, '404', '03', '04', '00', 'Maquinarias y equipos de artes graficas y reproducción'),
(116, '404', '03', '05', '00', 'Maquinarias y equipos de industria y taller'),
(117, '404', '03', '99', '00', 'Otras maquinarias y equipos de construcción, campo industria y taller'),
(118, '404', '04', '00', '00', 'Equipos de transporte, tracción y elevación'),
(119, '404', '04', '01', '00', 'Vehiculo automotor terrestre'),
(120, '404', '05', '00', '00', 'Equipos de comunicación y señalamiento'),
(121, '404', '05', '01', '00', 'Equipos de telecomunicaciones'),
(122, '404', '05', '99', '00', 'Otros equipos de comunicación y señalamiento'),
(123, '404', '07', '00', '00', 'Equipos cientificos, religiosos, de enseñanza y recreacionales'),
(124, '404', '07', '02', '00', 'Equipos de enseñanza, deporte y recreación'),
(125, '404', '07', '04', '00', 'Libros, revistas y otros instrumentos de enseñanzas'),
(126, '404', '07', '06', '00', 'Instrumentos musicales'),
(127, '404', '07', '99', '00', 'Otros equipo cientifico, religioso, de enseñanza y recreación'),
(128, '404', '08', '99', '00', 'Otros equipo y armamentos de orden público, seguridad y defensa'),
(129, '404', '09', '01', '00', 'Mobiliario y equipos de oficina'),
(130, '404', '09', '02', '00', 'Equipos de computación'),
(131, '404', '09', '03', '00', 'Mobiliario y equipos de alojamiento'),
(132, '404', '09', '99', '00', 'Otras maquinas, muebles y demas equipos de oficina y alojamiento'),
(133, '404', '11', '00', '00', 'Inmuebles, maquinaria y equipos usados'),
(134, '404', '11', '02', '00', 'Adquisición de edificios e instalaciones'),
(135, '404', '12', '00', '00', 'Activos intangibles'),
(136, '404', '12', '04', '00', 'Paquetes y programas de computación'),
(137, '404', '99', '01', '00', 'Otros activos reales'),
(138, '403', '18', '01', '00', 'Impuesto al Valor Agregado'),
(139, '402', '99', '01', '00', 'Otros materiales y suministros'),
(140, '403', '11', '99', '01', 'Conservación y reparaciones menores de otras maquinarias y equipos'),
(141, '402', '08', '01', '00', 'Productos primarios de hierro y acero'),
(142, '402', '08', '04', '00', 'Productos metálicos estructurales'),
(143, '402', '09', '01', '00', 'Productos primarios de madera'),
(144, '403', '01', '01', '00', 'Alquileres de inmuebles'),
(145, '403', '01', '02', '00', 'Alquileres de instalaciones culturales y recreativas'),
(146, '403', '02', '03', '00', 'Alquileres de equipos de comunicaciones y señalamientos'),
(147, '403', '04', '02', '00', 'Gas'),
(148, '403', '04', '04', '01', 'Servicios de telefonía prestados por organismos públicos'),
(149, '403', '04', '04', '02', 'Servicios de telefonía prestados por instituciones privadas'),
(150, '404', '01', '02', '02', 'Reparaciones, mejoras y adiciones mayores de equipos de transporte, tracción y elevación'),
(151, '404', '01', '02', '07', 'Reparaciones, mejoras y adiciones mayores de máquinas, muebles y demás equipos de oficina y alojamiento'),
(152, '404', '01', '02', '99', 'Reparaciones, mejoras y adiciones mayores de otras maquinarias y equipos'),
(153, '404', '01', '02', '06', 'Reparaciones, mejoras y adiciones mayores de equipos y armamentos de orden público, seguridad y defensa nacional'),
(154, '404', '02', '01', '00', 'Conservación, ampliaciones y mejoras mayores de obras en bienes de dominio privado'),
(155, '404', '03', '06', '00', 'Maquinaria y equipos de energía'),
(156, '404', '06', '01', '00', 'Equipos médico-quirúrgicos, dentales y de veterinaria'),
(157, '407', '01', '01', '75', 'Subsidios a organismos laborales y gremiales'),
(158, '407', '01', '02', '01', 'Donaciones corrientes internas al sector privado'),
(159, '411', '11', '04', '00', 'Compromiso pendientes de ejercicios anteriores'),
(160, '404', '06', '99', '00', 'Otros equipos médico - quirúrgicos, dentales y de veterinaria'),
(161, '404', '11', '01', '00', 'Adquisición de tierras y terrenos'),
(162, '404', '15', '05', '00', 'Construcciones de edificaciones para oficina'),
(163, '401', '01', '18', '02', 'Remuneraciones por Honorarios Profesionales'),
(164, '401', '00', '00', '00', 'Gastos de Personal'),
(165, '407', '00', '00', '00', 'Transferencias y Donaciones'),
(166, '411', '00', '00', '00', 'Disminución de Pasivos');

-- --------------------------------------------------------

--
-- Estructura de tabla para la tabla `tipo_unidad_medida`
--

CREATE TABLE IF NOT EXISTS `tipo_unidad_medida` (
  `codigo` int(11) NOT NULL AUTO_INCREMENT,
  `tipo` varchar(20) NOT NULL,
  PRIMARY KEY (`codigo`)
) ENGINE=InnoDB DEFAULT CHARSET=utf8 AUTO_INCREMENT=1 ;

-- --------------------------------------------------------

--
-- Estructura de tabla para la tabla `uel_presupuesto_partida`
--

CREATE TABLE IF NOT EXISTS `uel_presupuesto_partida` (
  `codigo` int(11) NOT NULL AUTO_INCREMENT,
  `accion_ue` int(11) NOT NULL,
  `partida` varchar(3) NOT NULL,
  `presupuesto` float(10,2) NOT NULL,
  `utilizado` float(10,2) NOT NULL DEFAULT '0.00',
  `fecha_hora` datetime NOT NULL,
  PRIMARY KEY (`codigo`),
  KEY `accion_ue` (`accion_ue`),
  KEY `partida` (`partida`)
) ENGINE=InnoDB DEFAULT CHARSET=utf8 AUTO_INCREMENT=1 ;

-- --------------------------------------------------------

--
-- Estructura de tabla para la tabla `unidad_ejecutora`
--

CREATE TABLE IF NOT EXISTS `unidad_ejecutora` (
  `codigo` int(11) NOT NULL AUTO_INCREMENT,
  `codigo_uel` int(11) NOT NULL,
  `denominacion` text NOT NULL,
  `estatus` int(11) NOT NULL DEFAULT '1',
  PRIMARY KEY (`codigo`),
  UNIQUE KEY `codigo_uel` (`codigo_uel`),
  KEY `estatus` (`estatus`)
) ENGINE=InnoDB  DEFAULT CHARSET=utf8 AUTO_INCREMENT=147 ;

--
-- Volcado de datos para la tabla `unidad_ejecutora`
--

INSERT INTO `unidad_ejecutora` (`codigo`, `codigo_uel`, `denominacion`, `estatus`) VALUES
(1, 20014, 'Dirección general de formación para la participación en el proceso social de trabajo liberador.', 1),
(2, 20016, 'DIRECCIÓN GENERAL DE SUPERVISIÓN DE ENTIDADES Y MODALIDADES ESPECIALES DE TRABAJO', 1),
(3, 30006, 'DIRECCIÓN GENERAL DE SALUD Y SEGURIDAD LABORAL', 1),
(4, 30007, 'DIRECCIÓN GENERAL DE PENSIONES Y OTRAS ASIGNACIONES ECONÓMICAS Y EMPLEO', 1),
(5, 10011, 'OFICINA DE GESTIÓN ADMINISTRATIVA', 1),
(6, 10001, 'DESPACHO DEL MINISTRO DEL PODER POPULAR PARA EL PROCESO SOCIAL DE TRABAJO', 1),
(7, 10003, 'DIRECCIÓN GENERAL DEL DESPACHO', 1),
(8, 10031, 'OFICINA ESTRATÉGICA DE SEGUIMIENTO Y EVALUACIÓN DE POLÍTICAS PÚBLICAS', 1),
(9, 10006, 'CONSULTORÍA JURÍDICA', 1),
(10, 10004, 'OFICINA DE AUDITORÍA INTERNA', 1),
(11, 60153, 'OFICINA DE ATENCIÓN CIUDADANA', 1),
(12, 10014, 'OFICINA DE GESTIÓN COMUNICACIONAL', 1),
(13, 10032, 'OFICINA DE PLANIFICACIÓN Y PRESUPUESTO', 1),
(14, 10007, 'OFICINA DE GESTIÓN HUMANA', 1),
(15, 10017, 'OFICINA DE TECNOLOGÍAS DE LA INFORMACIÓN Y LA COMUNICACIÓN', 1),
(16, 10034, 'DESPACHO DEL VICEMINISTRO PARA EDUCACIÓN Y EL TRABAJO PARA LA LIBERACIÓN', 1),
(17, 60154, 'DIRECCIÓN GENERAL DE AUTOFORMACIÓN DESDE EL PROCESO SOCIAL DE TRABAJO', 1),
(18, 60155, 'DIRECCIÓN GENERAL DE FORMACIÓN PARA LA PARTICIPACIÓN EN EL PROCESO SOCIAL DE TRABAJO LIBERADOR', 1),
(19, 10030, 'DESPACHO DEL VICEMINISTRO DE PREVISIÓN SOCIAL', 1),
(20, 10002, 'DESPACHO DEL VICEMINISTRO DE PARA DERECHOS Y RELACIONES LABORALES', 1),
(21, 20001, 'DIRECCIÓN GENERAL DE PARTICIPACIÓN EN EL PROCESO SOCIAL DE TRABAJO Y RELACIONES LABORALES', 1),
(22, 50001, 'DIRECCIÓN GENERAL PARA LA ASESORÍA, ASISTENCIA LEGAL Y DEFENSA DE TRABAJADORES Y TRABAJADORAS', 1),
(23, 20033, 'DIRECCIÓN GENERAL DE ORGANIZACIONES SINDICALES Y NEGOCIACIONES COLECTIVAS', 1),
(24, 10035, 'DESPACHO DEL VICEMINISTRO DE PARA EL SISTEMA INTEGRADO DE INSPECCIÓN LABORAL Y DE LA SEGURIDAD SOCIAL', 1),
(25, 20015, 'DIRECCIÓN GENERAL DE CONTRALORÍA SOCIAL DE TRABAJO', 1),
(26, 10015, 'DIRECCIÓN DE RELACIONES INTERNACIONALES Y ENLACE CON LA OIT', 1),
(27, 20031, 'DIRECCIÓN DE BIENES Y SERVICIOS', 1),
(28, 60034, 'DIRECCION ESTADAL DISTRITO CAPITAL', 1),
(29, 60035, 'DIRECCION ESTADAL AMAZONAS', 1),
(30, 60036, 'DIRECCION ESTADAL ANZOATEGUI', 1),
(31, 60037, 'DIRECCION ESTADAL APURE', 1),
(32, 60038, 'DIRECCION ESTADAL ARAGUA', 1),
(33, 60039, 'DIRECCION ESTADAL BARINAS', 1),
(34, 60040, 'DIRECCION ESTADAL BOLIVAR', 1),
(35, 60041, 'DIRECCION ESTADAL CARABOBO', 1),
(36, 60042, 'DIRECCION ESTADAL COJEDES', 1),
(37, 60043, 'DIRECCION ESTADAL DELTA AMACURO', 1),
(38, 60044, 'DIRECCION ESTADAL FALCON', 1),
(39, 60045, 'DIRECCION ESTADAL GUARICO', 1),
(40, 60046, 'DIRECCION ESTADAL LARA', 1),
(41, 60047, 'DIRECCION ESTADAL MERIDA', 1),
(42, 60048, 'DIRECCION ESTADAL MIRANDA', 1),
(43, 60049, 'DIRECCION ESTADAL MONAGAS', 1),
(44, 60050, 'DIRECCION ESTADAL NUEVA ESPARTA', 1),
(45, 60051, 'DIRECCION ESTADAL PORTUGUESA', 1),
(46, 60052, 'DIRECCION ESTADAL SUCRE', 1),
(47, 60053, 'DIRECCION ESTADAL TACHIRA', 1),
(48, 60054, 'DIRECCION ESTADAL TRUJILLO', 1),
(49, 60055, 'DIRECCION ESTADAL VARGAS', 1),
(50, 60056, 'DIRECCION ESTADAL YARACUY', 1),
(51, 60057, 'DIRECCION ESTADAL ZULIA', 1),
(52, 60058, 'PROCURADURIAS DISTRITO CAPITAL', 1),
(53, 60059, 'PROCURADURIAS AMAZONAS', 1),
(54, 60060, 'PROCURADURIAS ANZOATEGUI', 1),
(55, 60061, 'PROCURADURIAS APURE', 1),
(56, 60062, 'PROCURADURIAS ARAGUA', 1),
(57, 60063, 'PROCURADURIAS BARINAS', 1),
(58, 60064, 'PROCURADURIAS BOLIVAR', 1),
(59, 60065, 'PROCURADURIAS CARABOBO', 1),
(60, 60066, 'PROCURADURIAS COJEDES', 1),
(61, 60067, 'PROCURADURIAS DELTA AMACURO', 1),
(62, 60068, 'PROCURADURIAS FALCON', 1),
(63, 60069, 'PROCURADURIAS GUARICO', 1),
(64, 60070, 'PROCURADURIAS LARA', 1),
(65, 60071, 'PROCURADURIAS MERIDA', 1),
(66, 60072, 'PROCURADURIAS MIRANDA', 1),
(67, 60073, 'PROCURADURIAS MONAGAS', 1),
(68, 60074, 'PROCURADURIAS NUEVA ESPARTA', 1),
(69, 60075, 'PROCURADURIAS PORTUGUESA', 1),
(70, 60076, 'PROCURADURIAS SUCRE', 1),
(71, 60077, 'PROCURADURIAS TACHIRA', 1),
(72, 60078, 'PROCURADURIAS TRUJILLO', 1),
(73, 60079, 'PROCURADURIAS VARGAS', 1),
(74, 60080, 'PROCURADURIAS YARACUY', 1),
(75, 60081, 'PROCURADURIAS ZULIA', 1),
(76, 60082, 'INSPECTORIAS DISTRITO CAPITAL', 1),
(77, 60083, 'INSPECTORIAS AMAZONAS', 1),
(78, 60084, 'INSPECTORIAS ANZOATEGUI', 1),
(79, 60085, 'INSPECTORIAS APURE', 1),
(80, 60086, 'INSPECTORIAS ARAGUA', 1),
(81, 60087, 'INSPECTORIAS BARINAS', 1),
(82, 60088, 'INSPECTORIAS BOLIVAR', 1),
(83, 60089, 'INSPECTORIAS CARABOBO', 1),
(84, 60090, 'INSPECTORIAS COJEDES', 1),
(85, 60091, 'INSPECTORIAS DELTA AMACURO', 1),
(86, 60092, 'INSPECTORIAS FALCON', 1),
(87, 60093, 'INSPECTORIAS GUARICO', 1),
(88, 60094, 'INSPECTORIAS LARA', 1),
(89, 60095, 'INSPECTORIAS MERIDA', 1),
(90, 60096, 'INSPECTORIAS MIRANDA', 1),
(91, 60097, 'INSPECTORIAS MONAGAS', 1),
(92, 60098, 'INSPECTORIAS NUEVA ESPARTA', 1),
(93, 60099, 'INSPECTORIAS PORTUGUESA', 1),
(94, 60100, 'INSPECTORIAS SUCRE', 1),
(95, 60101, 'INSPECTORIAS TACHIRA', 1),
(96, 60102, 'INSPECTORIAS TRUJILLO', 1),
(97, 60103, 'INSPECTORIAS VARGAS', 1),
(98, 60104, 'INSPECTORIAS YARACUY', 1),
(99, 60105, 'INSPECTORIAS ZULIA', 1),
(100, 60106, 'UNIDAD DE SUPERVISION DISTRITO CAPITAL', 1),
(101, 60107, 'UNIDAD DE SUPERVISION AMAZONAS', 1),
(102, 60108, 'UNIDAD DE SUPERVISION ANZOATEGUI', 1),
(103, 60109, 'UNIDAD DE SUPERVISION APURE', 1),
(104, 60110, 'UNIDAD DE SUPERVISION ARAGUA', 1),
(105, 60111, 'UNIDAD DE SUPERVISION BARINAS', 1),
(106, 60112, 'UNIDAD DE SUPERVISION BOLIVAR', 1),
(107, 60113, 'UNIDAD DE SUPERVISION CARABOBO', 1),
(108, 60114, 'UNIDAD DE SUPERVISION COJEDES', 1),
(109, 60115, 'UNIDAD DE SUPERVISION DELTA AMACURO', 1),
(110, 60116, 'UNIDAD DE SUPERVISION FALCON', 1),
(111, 60117, 'UNIDAD DE SUPERVISION GUARICO', 1),
(112, 60118, 'UNIDAD DE SUPERVISION LARA', 1),
(113, 60119, 'UNIDAD DE SUPERVISION MERIDA', 1),
(114, 60120, 'UNIDAD DE SUPERVISION MIRANDA', 1),
(115, 60121, 'UNIDAD DE SUPERVISION MONAGAS', 1),
(116, 60122, 'UNIDAD DE SUPERVISION NUEVA ESPARTA', 1),
(117, 60123, 'UNIDAD DE SUPERVISION PORTUGUESA', 1),
(118, 60124, 'UNIDAD DE SUPERVISION SUCRE', 1),
(119, 60125, 'UNIDAD DE SUPERVISION TACHIRA', 1),
(120, 60126, 'UNIDAD DE SUPERVISION TRUJILLO', 1),
(121, 60127, 'UNIDAD DE SUPERVISION VARGAS', 1),
(122, 60128, 'UNIDAD DE SUPERVISION YARACUY', 1),
(123, 60129, 'UNIDAD DE SUPERVISION ZULIA', 1),
(124, 60130, 'CENTROS DE ENCUENTRO PARA LA EDUCACION Y EL TRABAJO DISTRITO CAPITAL', 1),
(125, 60131, 'CENTROS DE ENCUENTRO PARA LA EDUCACION Y EL TRABAJO ANZOATEGUI', 1),
(126, 60132, 'CENTROS DE ENCUENTRO PARA LA EDUCACION Y EL TRABAJO APURE', 1),
(127, 60133, 'CENTROS DE ENCUENTRO PARA LA EDUCACION Y EL TRABAJO ARAGUA', 1),
(128, 60134, 'CENTROS DE ENCUENTRO PARA LA EDUCACION Y EL TRABAJO BARINAS', 1),
(129, 60135, 'CENTROS DE ENCUENTRO PARA LA EDUCACION Y EL TRABAJO BOLIVAR', 1),
(130, 60136, 'CENTROS DE ENCUENTRO PARA LA EDUCACION Y EL TRABAJO CARABOBO', 1),
(131, 60137, 'CENTROS DE ENCUENTRO PARA LA EDUCACION Y EL TRABAJO COJEDES', 1),
(132, 60138, 'CENTROS DE ENCUENTRO PARA LA EDUCACION Y EL TRABAJO DELTA AMACURO', 1),
(133, 60139, 'CENTROS DE ENCUENTRO PARA LA EDUCACION Y EL TRABAJO FALCON', 1),
(134, 60140, 'CENTROS DE ENCUENTRO PARA LA EDUCACION Y EL TRABAJO GUARICO', 1),
(135, 60141, 'CENTROS DE ENCUENTRO PARA LA EDUCACION Y EL TRABAJO LARA', 1),
(136, 60142, 'CENTROS DE ENCUENTRO PARA LA EDUCACION Y EL TRABAJO MERIDA', 1),
(137, 60143, 'CENTROS DE ENCUENTRO PARA LA EDUCACION Y EL TRABAJO MIRANDA', 1),
(138, 60144, 'CENTROS DE ENCUENTRO PARA LA EDUCACION Y EL TRABAJO MONAGAS', 1),
(139, 60145, 'CENTROS DE ENCUENTRO PARA LA EDUCACION Y EL TRABAJO NUEVA ESPARTA', 1),
(140, 60146, 'CENTROS DE ENCUENTRO PARA LA EDUCACION Y EL TRABAJO PORTUGUESA', 1),
(141, 60147, 'CENTROS DE ENCUENTRO PARA LA EDUCACION Y EL TRABAJO SUCRE', 1),
(142, 60148, 'CENTROS DE ENCUENTRO PARA LA EDUCACION Y EL TRABAJO TACHIRA', 1),
(143, 60149, 'CENTROS DE ENCUENTRO PARA LA EDUCACION Y EL TRABAJO TRUJILLO', 1),
(144, 60150, 'CENTROS DE ENCUENTRO PARA LA EDUCACION Y EL TRABAJO VARGAS', 1),
(145, 60151, 'CENTROS DE ENCUENTRO PARA LA EDUCACION Y EL TRABAJO YARACUY', 1),
(146, 60152, 'CENTROS DE ENCUENTRO PARA LA EDUCACION Y EL TRABAJO ZULIA', 1);

-- --------------------------------------------------------

--
-- Estructura de tabla para la tabla `unidad_medida`
--

CREATE TABLE IF NOT EXISTS `unidad_medida` (
  `codigo` int(11) NOT NULL AUTO_INCREMENT,
  `unidad_medida` varchar(30) NOT NULL,
  `id` varchar(10) DEFAULT NULL,
  `tipo` int(11) DEFAULT NULL,
  `estatus` int(11) NOT NULL DEFAULT '1',
  PRIMARY KEY (`codigo`),
  KEY `tipo` (`tipo`),
  KEY `estatus` (`estatus`)
) ENGINE=InnoDB DEFAULT CHARSET=utf8 AUTO_INCREMENT=1 ;

-- --------------------------------------------------------

--
-- Estructura de tabla para la tabla `usuario`
--

CREATE TABLE IF NOT EXISTS `usuario` (
  `codigo` int(11) NOT NULL AUTO_INCREMENT,
  `usuario` varchar(15) NOT NULL,
  `clave` varchar(32) NOT NULL,
  `nivel` int(11) NOT NULL,
  `uel` int(11) DEFAULT NULL,
  `fecha_creacion` datetime NOT NULL,
  `estatus` int(11) NOT NULL DEFAULT '1',
  PRIMARY KEY (`codigo`),
  KEY `nivel` (`nivel`),
  KEY `uel` (`uel`),
  KEY `estatus` (`estatus`)
) ENGINE=InnoDB  DEFAULT CHARSET=utf8 AUTO_INCREMENT=156 ;

--
-- Volcado de datos para la tabla `usuario`
--

INSERT INTO `usuario` (`codigo`, `usuario`, `clave`, `nivel`, `uel`, `fecha_creacion`, `estatus`) VALUES
(1, 'admin', 'a01726b559eeeb5fc287bf0098a22f6c', 1, NULL, '2016-07-18 00:00:00', 1),
(4, 'dg_formacion', 'e10adc3949ba59abbe56e057f20f883e', 2, 1, '2015-06-17 17:21:42', 1),
(5, 'dg_supervision', '33805671920f0d02e6d18f630985aace', 2, 2, '2015-06-17 18:37:04', 1),
(6, 'dg_salud', '159c1ffe5b61b41b3c4d8f4c2150f6c4', 2, 3, '2015-06-17 18:37:27', 1),
(7, 'dg_pensiones', '06f7c042b76e4b04f698c75b7b2777ea', 2, 4, '2015-06-17 18:37:52', 1),
(8, 'ofi_admin', '00b76fddeaaa7d8c2c43d504b2babd8a', 2, 5, '2015-06-17 18:38:23', 1),
(9, 'admin_presu', '6696c8ae4999698125521597ee635001', 1, NULL, '2016-07-19 00:00:00', 1),
(10, 'despacho_min', 'f64b2463cf1dba199491c885dff932f3', 2, 6, '2015-08-18 18:41:05', 1),
(11, 'dg_despacho', '33805671920f0d02e6d18f630985aace', 2, 7, '2015-08-18 18:41:33', 1),
(12, 'ofi_politicasp', '159c1ffe5b61b41b3c4d8f4c2150f6c4', 2, 8, '2015-08-18 18:42:11', 1),
(13, 'consultoriaj', '06f7c042b76e4b04f698c75b7b2777ea', 2, 9, '2015-08-18 18:42:34', 1),
(14, 'ofi_auditoria', '00b76fddeaaa7d8c2c43d504b2babd8a', 2, 10, '2015-08-18 18:42:59', 1),
(15, 'ofi_atencion', 'bd5c5e1c04111451ed8b63079ea181e7', 2, 11, '2015-08-18 18:43:25', 1),
(16, 'ofi_gestionco', '83eaa6722798a773dd55e8fc7443aa09', 2, 12, '2015-08-18 18:43:55', 1),
(17, 'ofi_planipres', 'b9a8f4af85454f7c56c06f0a39e7ec23', 2, 13, '2015-08-18 18:48:55', 1),
(18, 'ofi_gesthum', '000871c1fc726f0b52dc86a4eeb027de', 2, 14, '2015-08-18 18:49:24', 1),
(19, 'ofi_gestadmin', 'c850c535b6b72487b20cee5d7434506d', 2, 5, '2015-08-18 18:49:54', 1),
(20, 'ofi_tecnologia', '5c3b99e8f92532e5ad1556e53ceea00c', 2, 15, '2015-08-18 18:50:22', 1),
(21, 'vice_educacion', '2f364281f619584f24f63a794a12e354', 2, 16, '2015-08-18 18:51:07', 1),
(22, 'dg_autoform', '4ef1477dc99fb623fd5d06dc4b26d1aa', 2, 17, '2015-08-18 18:51:55', 1),
(23, 'dg_formaci', '6ba1085b788407963fe0e89c699a7396', 2, 18, '2015-08-18 18:52:43', 1),
(24, 'vice_prevision', 'c2890d44d06bafb6c7b4aa194857ccbc', 2, 19, '2015-08-18 18:53:06', 1),
(25, 'vice_relab', 'cb3ce9b06932da6faaa7fc70d5b5d2f4', 2, 20, '2015-08-18 19:04:54', 1),
(26, 'dg_participa', '90306a0237c000d33f4dbd3f8f41ba7c', 2, 21, '2015-08-18 19:05:33', 1),
(27, 'dg_asesori', '3eb2f1a06667bfb9daba7f7effa0284b', 2, 22, '2015-08-18 19:06:43', 1),
(28, 'dg_orgsindi', 'da974f5eba1948690c83e9c3b43ffd87', 2, 23, '2015-08-18 19:07:15', 1),
(29, 'vice_inspeccion', '79fde5402cbc75ae0615c9ae4c335b46', 2, 24, '2015-08-18 19:07:35', 1),
(30, 'dg_contraloria', '1d38dd921e15520709f86320185c5e1d', 2, 25, '2015-08-18 19:07:57', 1),
(31, 'dg_superv', '1dfcb07c683107f038d8c886145d097e', 2, 2, '2015-08-18 19:08:30', 1),
(32, 'dir_internaci', '752d2c9ecfe079e5e5f3539f4d750e5c', 2, 26, '2015-08-18 19:09:10', 1),
(33, 'dir_bienes', 'f5ac21cd0ef1b88e9848571aeb53551a', 2, 27, '2015-08-19 16:25:36', 1),
(34, 'direc_capital', '62da5a6d47be0029801ba74a17e47e1a', 2, 28, '2015-08-26 10:12:40', 1),
(35, 'direc_amazonas', '959ab9a0695c467e7caf75431a872e5c', 2, 29, '2015-08-26 10:13:30', 1),
(36, 'direc_anzoategu', '889091ff744069cab08dc605d162a8d3', 2, 30, '2015-08-26 10:14:35', 1),
(37, 'direc_apure', '4559912e7a94a9c32b09d894f2bc3c82', 2, 31, '2015-08-26 10:15:22', 1),
(38, 'direc_aragua', 'cfa45151ccad6bf11ea146ed563f2119', 2, 32, '2015-08-26 10:15:53', 1),
(39, 'direc_barinas', '263fc48aae39f219b4c71d9d4bb4aed2', 2, 33, '2015-08-26 10:16:22', 1),
(40, 'direc_bolivar', '6affee954d76859baa2800e1c49e2c5d', 2, 34, '2015-08-26 10:16:58', 1),
(41, 'direc_carabobo', 'd5b3d8dadd770c460b1cde910a711987', 2, 35, '2015-08-26 10:17:29', 1),
(42, 'direc_cojedes', 'd9fea4ca7e4a74c318ec27c1deb0796c', 2, 36, '2015-08-26 10:18:06', 1),
(43, 'direc_delamacur', '685bfde03eb646c27ed565881917c71c', 2, 37, '2015-08-26 10:18:57', 1),
(44, 'direc_falcon', '3d387d2612f9027154ed3b99a7427da1', 2, 38, '2015-08-26 10:41:51', 1),
(45, 'direc_guarico', 'cd17d3ce3b64f227987cd92cd701cc58', 2, 39, '2015-08-26 10:43:10', 1),
(46, 'direc_lara', 'aa8fdbb7d8159b3048daca36fe5c06d2', 2, 40, '2015-08-26 11:28:34', 1),
(47, 'direc_merida', 'def130d0b67eb38b7a8f4e7121ed432c', 2, 41, '2015-08-26 11:29:13', 1),
(48, 'insp_capital', '52bdba949576e6bcec5682a4993bfb58', 2, 76, '2015-08-26 11:35:41', 1),
(49, 'insp_amazonas', 'ac10ec1ace51b2d973cd87973a98d3ab', 2, 77, '2015-08-26 11:36:38', 1),
(50, 'insp_anzoategui', 'b1790a55a67906c18bd9a046e17c5935', 2, 78, '2015-08-26 11:37:20', 1),
(51, 'insp_apure', '0a7d83f084ec258aefd128569dda03d7', 2, 79, '2015-08-26 11:37:51', 1),
(52, 'procu_capital', '865bf46435bd84fa5d89f64cf3ba7347', 2, 52, '2015-08-26 11:37:57', 1),
(53, 'insp_aragua', 'b9a25e422ba96f7572089a00b838c3f8', 2, 80, '2015-08-26 11:38:33', 1),
(54, 'procu_amazonas', '5523d651bfb642be33057a3b78d02c9e', 2, 53, '2015-08-26 11:38:51', 1),
(55, 'direc_miranda', 'aef546f29283b6ccef3c61f58fb8e79b', 2, 42, '2015-08-26 11:38:54', 1),
(56, 'insp_barinas', '90fd26a243f6d14c4b3df082cdc8da66', 2, 81, '2015-08-26 11:39:25', 1),
(57, 'insp_bolivar', '5d44a2b0d85aa1a4dd3f218be6422c66', 2, 82, '2015-08-26 11:39:53', 1),
(58, 'direc_monagas', '49ef08ad6e7f26d7f200e1b2b9e6e4ac', 2, 43, '2015-08-26 11:39:58', 1),
(59, 'procu_anzoategu', '6a711a119a8a7a9f877b5f379bfe9ea2', 2, 54, '2015-08-26 11:40:01', 1),
(60, 'centro_capital', '412758d043dd247bddea07c7ec558c31', 2, 124, '2015-08-26 11:40:07', 1),
(61, 'insp_carabobo', '7f8dfc182100b72f5e7cb91f63f9c8db', 2, 83, '2015-08-26 11:40:18', 1),
(62, 'procu_apure', 'f3adde26e4fd2dcbfbc56c48396a6d23', 2, 55, '2015-08-26 11:40:51', 1),
(63, 'insp_cojedes', '9379c23ac12dc94053207373040bc791', 2, 84, '2015-08-26 11:40:51', 1),
(64, 'direc_nuevaespa', '4d7a968bb636e25818ff2a3941db08c1', 2, 44, '2015-08-26 11:41:16', 1),
(65, 'insp_delamacuro', '34e157766f31db3d2099831d348a7933', 2, 85, '2015-08-26 11:42:08', 1),
(66, 'procu_aragua', '58d2d622ed4026cae2e56dffc5818a11', 2, 56, '2015-08-26 11:42:09', 1),
(67, 'direc_portugues', 'c4127b9194fe8562c64dc0f5bf2c93bc', 2, 45, '2015-08-26 11:42:09', 1),
(68, 'insp_falcon', '741a0099c9ac04c7bfc822caf7c7459f', 2, 86, '2015-08-26 11:42:32', 1),
(69, 'direc_sucre', '45a766fa266ea2ebeb6680fa139d2a3d', 2, 46, '2015-08-26 11:42:49', 1),
(70, 'insp_guarico', 'efdde87c66fe4e6dc73a2ab6111ca58a', 2, 87, '2015-08-26 11:43:00', 1),
(71, 'insp_lara', '806a19775027cf2f84c129d410ce1c8a', 2, 88, '2015-08-26 11:43:23', 1),
(72, 'procu_barinas', '99a2103fcf4f2c44d1f9f75553274025', 2, 57, '2015-08-26 11:43:29', 1),
(73, 'insp_merida', '751f915c24612ce66dba400a86a0909b', 2, 89, '2015-08-26 11:43:47', 1),
(74, 'direc_tachira', '6e0917469214d8fbd8c517dcdc6b8dcf', 2, 47, '2015-08-26 11:43:57', 1),
(75, 'procu_bolivar', 'a3fc981af450752046be179185ebc8b5', 2, 58, '2015-08-26 11:43:57', 1),
(76, 'insp_miranda', 'f56d8183992b6c54c92c16a8519a6e2b', 2, 90, '2015-08-26 11:44:07', 1),
(77, 'direc_trujillo', '1e0f65eb20acbfb27ee05ddc000b50ec', 2, 48, '2015-08-26 11:44:32', 1),
(78, 'insp_monagas', '12bcd658ef0a540cabc36cdf2b1046fd', 2, 91, '2015-08-26 11:44:37', 1),
(79, 'procu_carabobo', 'fc2e6a440b94f64831840137698021e1', 2, 59, '2015-08-26 11:44:40', 1),
(80, 'direc_vargas', '692baebec3bb4b53d7ebc3b9fabac31b', 2, 49, '2015-08-26 11:45:13', 1),
(81, 'procu_cojedes', 'abd1c782880cc59759f4112fda0b8f98', 2, 60, '2015-08-26 11:45:46', 1),
(82, 'direc_yaracuy', '4b97b5ad9d466de90e5d901c0557b21a', 2, 50, '2015-08-26 11:45:53', 1),
(83, 'insp_nuevaespar', 'd556b595eef47660153b8eddebbc2b12', 2, 92, '2015-08-26 11:46:06', 1),
(84, 'direc_zulia', '64dcf3c521a00dbb4d2a10a27a95a9d8', 2, 51, '2015-08-26 11:46:34', 1),
(85, 'insp_portuguesa', 'cf77e1f8490495e9f8dedceaf372f969', 2, 93, '2015-08-26 11:47:47', 1),
(86, 'procu_delamacur', '3bff829dde3583558708865f6de7be37', 2, 61, '2015-08-26 11:47:48', 1),
(87, 'insp_sucre', 'c95fd5284717784f1b6a1b907d33a62b', 2, 94, '2015-08-26 11:48:09', 1),
(88, 'unid_capital', 'ba5451d3c91a0f982f103cdbe249bc78', 2, 100, '2015-08-26 11:48:19', 1),
(89, 'procu_falcon', '033cc385728c51d97360020ed57776f0', 2, 62, '2015-08-26 11:48:25', 1),
(90, 'insp_tachira', '8c620c2faaafd489b4c45b448acac3a0', 2, 95, '2015-08-26 11:48:28', 1),
(91, 'unid_amazonas', 'ef9280fbc5317f17d480e4d4f61b3751', 2, 101, '2015-08-26 11:48:55', 1),
(92, 'insp_trujillo', 'eef6f4457ee96f8bae1893f5b234d238', 2, 96, '2015-08-26 11:48:56', 1),
(93, 'procu_guarico', '2327fdecafc97928d5ba62af00a05704', 2, 63, '2015-08-26 11:49:10', 1),
(94, 'insp_vargas', '6828f61cee49c7a4da0f9c1d3e03b857', 2, 97, '2015-08-26 11:49:16', 1),
(95, 'insp_yaracuy', '034e2db715b4e796a5e72861ce06963a', 2, 98, '2015-08-26 11:49:46', 1),
(96, 'procu_lara', '530468698061c34fe19ecbdf1a5fb950', 2, 64, '2015-08-26 11:49:48', 1),
(97, 'centro_anzoateg', 'b613e70fd9f59310cf0a8d33de3f2800', 2, 125, '2015-08-26 11:50:23', 1),
(98, 'insp_zulia', '01922cbeae89ad4d79ab769e84e7c5da', 2, 99, '2015-08-26 11:50:36', 1),
(99, 'centro_apure', 'a2915ad0d57ca8c644f99f9c3f20a918', 2, 126, '2015-08-26 11:51:15', 1),
(100, 'unid_anzoategui', '8ad56037830fcf5c6396aa69b1c252d0', 2, 102, '2015-08-26 11:51:22', 1),
(101, 'unid_apure', '6fae4e7975cfb72a356e6a8682456c6e', 2, 103, '2015-08-26 11:51:59', 1),
(102, 'procu_merida', 'c646a3b8b24cb64c1314c03292fff0fd', 2, 65, '2015-08-26 11:52:06', 1),
(103, 'centro_aragua', '9e9a30b74c49d07d8150c8c83b1ccf07', 2, 127, '2015-08-26 11:52:28', 1),
(104, 'unid_aragua', '0d59701b3474225fca5563e015965886', 2, 104, '2015-08-26 11:52:34', 1),
(105, 'procu_miranda', 'ae581798565c3b1c587905bff731b86a', 2, 66, '2015-08-26 11:52:35', 1),
(106, 'procu_monagas', 'e23b16e83342d08d0d3ef4eeed9d3299', 2, 67, '2015-08-26 11:53:15', 1),
(107, 'procu_nuevaespa', '80fee67c8a4c4989bf8a580b4bbb0cd2', 2, 68, '2015-08-26 11:54:00', 1),
(108, 'centro_barinas', '1ef03ed0cd5863c550128836b28ec3e9', 2, 128, '2015-08-26 11:54:21', 1),
(109, 'unid_barinas', 'ea3502c3594588f0e9d5142f99c66627', 2, 105, '2015-08-26 11:54:26', 1),
(110, 'procu_portugues', '5b80dc3087306fe93a4dca4faadaf71c', 2, 69, '2015-08-26 11:54:32', 1),
(111, 'unid_bolivar', 'd139db6a236200b21cc7f752979132d0', 2, 106, '2015-08-26 11:54:52', 1),
(112, 'procu_sucre', 'c900fe92840c527a0c54f28640c2f254', 2, 70, '2015-08-26 11:55:01', 1),
(113, 'centro_bolivar', '7aee5d5dfa97b2516e5f639672c7e199', 2, 129, '2015-08-26 11:55:10', 1),
(114, 'unid_carabobo', 'dc36f18a9a0a776671d4879cae69b551', 2, 107, '2015-08-26 11:55:21', 1),
(115, 'procu_tachira', '4d19b37a2c399deace9082d464930022', 2, 71, '2015-08-26 11:55:35', 1),
(116, 'unid_cojedes', 'f752582986d70327ae2e8dd9aea7f976', 2, 108, '2015-08-26 11:55:46', 1),
(117, 'centro_carabobo', 'a14185bf0c82b3369f86efb3cac5ad28', 2, 130, '2015-08-26 11:55:56', 1),
(118, 'unid_delamacuro', '118bd558033a1016fcc82560c65cca5f', 2, 109, '2015-08-26 11:56:09', 1),
(119, 'procu_trujillo', '534488729ab74ff059356cb58c9907ef', 2, 72, '2015-08-26 11:56:13', 1),
(120, 'unid_falcon', '22f7e834551fbb0f6ea55b04889e8eb1', 2, 110, '2015-08-26 11:56:31', 1),
(121, 'procu_vargas', '82356b37a12462391abf004c8362d389', 2, 73, '2015-08-26 11:56:40', 1),
(122, 'centro_cojedes', '5763abe87ed1938799203fb6e8650025', 2, 131, '2015-08-26 11:56:41', 1),
(123, 'procu_yaracuy', '40afd3a37cca05efe623b7509855c73a', 2, 74, '2015-08-26 11:57:10', 1),
(124, 'unid_guarico', '1b72746255ef01f9d75400995c62ea12', 2, 111, '2015-08-26 11:57:14', 1),
(125, 'procu_zulia', '46f5ffb3777b7659bb35da6ddab19e05', 2, 75, '2015-08-26 11:57:38', 1),
(126, 'centro_delamacu', 'e4d8163c7a068b65a64c89bd745ec360', 2, 132, '2015-08-26 11:57:40', 1),
(127, 'unid_lara', 'ee6e910d8a25e34748decf784fe5e6a2', 2, 112, '2015-08-26 11:57:58', 1),
(128, 'centro_falcon', '7990ec44fcf3d7a0e5a2add28362213c', 2, 133, '2015-08-26 11:58:12', 1),
(129, 'unid_merida', 'e615c82aba461681ade82da2da38004a', 2, 113, '2015-08-26 11:58:18', 1),
(130, 'centro_guarico', '7cc538b1337957dae283c30ad46def38', 2, 134, '2015-08-26 11:58:50', 1),
(131, 'unid_miranda', '514f94b7b871de0eacb221709d341aec', 2, 114, '2015-08-26 11:58:53', 1),
(132, 'unid_monagas', '81e793dc8317a3dbc3534ed3f242c418', 2, 115, '2015-08-26 11:59:18', 1),
(133, 'centro_lara', '2e2c4bf7ceaa4712a72dd5ee136dc9a8', 2, 135, '2015-08-26 11:59:28', 1),
(134, 'centro_merida', '565e8a413d0562de9ee4378402d2b481', 2, 136, '2015-08-26 12:00:20', 1),
(135, 'unid_nuevaespar', '1b89a2e980724cb8997459fadb907712', 2, 116, '2015-08-26 12:00:24', 1),
(136, 'centro_miranda', 'a1b9f8050fb246fbec454302f6c14e22', 2, 137, '2015-08-26 12:01:11', 1),
(137, 'centro_monagas', 'ec24a54d62ce57ba93a531b460fa8d18', 2, 138, '2015-08-26 12:01:37', 1),
(138, 'unid_portuguesa', '5227fa9a19dce7ba113f50a405dcaf09', 2, 117, '2015-08-26 12:01:40', 1),
(139, 'unid_sucre', '4996dcc43b5be197b5887a4e60817b1c', 2, 118, '2015-08-26 12:02:05', 1),
(140, 'unid_tachira', 'ad0f7a25211abc3889cb0f420c85e671', 2, 119, '2015-08-26 12:02:33', 1),
(141, 'centro_nuevaesp', '486fbd761bfa5400722324fdc9822adc', 2, 139, '2015-08-26 12:02:41', 1),
(142, 'unid_trujillo', '44a6a9fee78f2bb58e758a209df95f1a', 2, 120, '2015-08-26 12:02:56', 1),
(143, 'unid_vargas', '6600e06fe9350b62c1e343504d4a7b86', 2, 121, '2015-08-26 12:03:24', 1),
(144, 'centro_portugue', '71dd9b48ff8928e726d4d21a5af243f3', 2, 140, '2015-08-26 12:03:25', 1),
(145, 'unid_yaracuy', '4eb0194ddf4d6c7a72dca4fd3149e92e', 2, 122, '2015-08-26 12:03:45', 1),
(146, 'unid_zulia', '400e5e6a7ce0c754f281525fae75a873', 2, 123, '2015-08-26 12:04:07', 1),
(147, 'centro_sucre', '0765933456f074d2c75bbbad63af95e6', 2, 141, '2015-08-26 12:04:09', 1),
(148, 'centro_tachira', 'cf708fc1decf0337aded484f8f4519ae', 2, 142, '2015-08-26 12:04:43', 1),
(149, 'centro_trujillo', '972cda1e62b72640cb7ac702714a115f', 2, 143, '2015-08-26 12:05:34', 1),
(150, 'centro_vargas', 'a85edfa24307bad582dbfb9713d7eb6b', 2, 144, '2015-08-26 12:06:15', 1),
(151, 'centro_yaracuy', '95688ba636a4720a85b3634acfec8cdd', 2, 145, '2015-08-26 12:07:06', 1),
(152, 'centro_zulia', 'f740c8d9c193f16d8a07d3a8a751d13f', 2, 146, '2015-08-26 12:07:44', 1);

--
-- Restricciones para tablas volcadas
--

--
-- Filtros para la tabla `acciones`
--
ALTER TABLE `acciones`
  ADD CONSTRAINT `acciones_ibfk_1` FOREIGN KEY (`codigo_proyecto`) REFERENCES `proyecto` (`codigo`) ON DELETE CASCADE ON UPDATE CASCADE,
  ADD CONSTRAINT `acciones_ibfk_2` FOREIGN KEY (`estatus`) REFERENCES `estatus` (`codigo`) ON DELETE CASCADE ON UPDATE CASCADE;

--
-- Filtros para la tabla `accion_ue`
--
ALTER TABLE `accion_ue`
  ADD CONSTRAINT `accion_ue_ibfk_1` FOREIGN KEY (`codigo_accion`) REFERENCES `acciones` (`codigo`) ON DELETE CASCADE ON UPDATE CASCADE,
  ADD CONSTRAINT `accion_ue_ibfk_2` FOREIGN KEY (`codigo_ue`) REFERENCES `unidad_ejecutora` (`codigo`) ON DELETE CASCADE ON UPDATE CASCADE,
  ADD CONSTRAINT `accion_ue_ibfk_3` FOREIGN KEY (`estatus`) REFERENCES `estatus` (`codigo`) ON DELETE CASCADE ON UPDATE CASCADE;

--
-- Filtros para la tabla `historico_accion`
--
ALTER TABLE `historico_accion`
  ADD CONSTRAINT `historico_accion_ibfk_1` FOREIGN KEY (`codigo_accion`) REFERENCES `acciones` (`codigo`) ON DELETE CASCADE ON UPDATE CASCADE,
  ADD CONSTRAINT `historico_accion_ibfk_2` FOREIGN KEY (`codigo_usuario`) REFERENCES `usuario` (`codigo`) ON DELETE CASCADE ON UPDATE CASCADE,
  ADD CONSTRAINT `historico_accion_ibfk_3` FOREIGN KEY (`operacion`) REFERENCES `operacion` (`codigo`) ON DELETE CASCADE ON UPDATE CASCADE;

--
-- Filtros para la tabla `historico_aue`
--
ALTER TABLE `historico_aue`
  ADD CONSTRAINT `historico_aue_ibfk_1` FOREIGN KEY (`accion_ue`) REFERENCES `accion_ue` (`codigo`) ON DELETE CASCADE ON UPDATE CASCADE,
  ADD CONSTRAINT `historico_aue_ibfk_2` FOREIGN KEY (`codigo_usuario`) REFERENCES `usuario` (`codigo`) ON DELETE CASCADE ON UPDATE CASCADE,
  ADD CONSTRAINT `historico_aue_ibfk_3` FOREIGN KEY (`operacion`) REFERENCES `operacion` (`codigo`) ON DELETE CASCADE ON UPDATE CASCADE;

--
-- Filtros para la tabla `historico_materiales_servicios`
--
ALTER TABLE `historico_materiales_servicios`
  ADD CONSTRAINT `historico_materiales_servicios_ibfk_1` FOREIGN KEY (`codigo_material_servicio`) REFERENCES `materiales_servicios` (`codigo`) ON DELETE CASCADE ON UPDATE CASCADE,
  ADD CONSTRAINT `historico_materiales_servicios_ibfk_2` FOREIGN KEY (`codigo_usuario`) REFERENCES `usuario` (`codigo`) ON DELETE CASCADE ON UPDATE CASCADE,
  ADD CONSTRAINT `historico_materiales_servicios_ibfk_3` FOREIGN KEY (`operacion`) REFERENCES `operacion` (`codigo`) ON DELETE CASCADE ON UPDATE CASCADE;

--
-- Filtros para la tabla `historico_presentacion`
--
ALTER TABLE `historico_presentacion`
  ADD CONSTRAINT `historico_presentacion_ibfk_1` FOREIGN KEY (`codigo_presentacion`) REFERENCES `presentacion` (`codigo`) ON DELETE CASCADE ON UPDATE CASCADE,
  ADD CONSTRAINT `historico_presentacion_ibfk_2` FOREIGN KEY (`codigo_usuario`) REFERENCES `usuario` (`codigo`) ON DELETE CASCADE ON UPDATE CASCADE,
  ADD CONSTRAINT `historico_presentacion_ibfk_3` FOREIGN KEY (`operacion`) REFERENCES `operacion` (`codigo`) ON DELETE CASCADE ON UPDATE CASCADE;

--
-- Filtros para la tabla `historico_proyecto`
--
ALTER TABLE `historico_proyecto`
  ADD CONSTRAINT `historico_proyecto_ibfk_1` FOREIGN KEY (`codigo_proyecto`) REFERENCES `proyecto` (`codigo`) ON DELETE CASCADE ON UPDATE CASCADE,
  ADD CONSTRAINT `historico_proyecto_ibfk_2` FOREIGN KEY (`codigo_usuario`) REFERENCES `usuario` (`codigo`) ON DELETE CASCADE ON UPDATE CASCADE,
  ADD CONSTRAINT `historico_proyecto_ibfk_3` FOREIGN KEY (`operacion`) REFERENCES `operacion` (`codigo`) ON DELETE CASCADE ON UPDATE CASCADE;

--
-- Filtros para la tabla `historico_reporte`
--
ALTER TABLE `historico_reporte`
  ADD CONSTRAINT `historico_reporte_ibfk_2` FOREIGN KEY (`codigo_usuario`) REFERENCES `usuario` (`codigo`) ON DELETE CASCADE ON UPDATE CASCADE,
  ADD CONSTRAINT `historico_reporte_ibfk_3` FOREIGN KEY (`operacion`) REFERENCES `operacion` (`codigo`) ON DELETE CASCADE ON UPDATE CASCADE,
  ADD CONSTRAINT `historico_reporte_ibfk_4` FOREIGN KEY (`codigo_reporte`) REFERENCES `reporte` (`codigo`) ON DELETE CASCADE ON UPDATE CASCADE;

--
-- Filtros para la tabla `historico_unidad_ejecutora`
--
ALTER TABLE `historico_unidad_ejecutora`
  ADD CONSTRAINT `historico_unidad_ejecutora_ibfk_1` FOREIGN KEY (`codigo_unidad_ejecutora`) REFERENCES `unidad_ejecutora` (`codigo`) ON DELETE CASCADE ON UPDATE CASCADE,
  ADD CONSTRAINT `historico_unidad_ejecutora_ibfk_2` FOREIGN KEY (`codigo_usuario`) REFERENCES `usuario` (`codigo`) ON DELETE CASCADE ON UPDATE CASCADE,
  ADD CONSTRAINT `historico_unidad_ejecutora_ibfk_3` FOREIGN KEY (`operacion`) REFERENCES `operacion` (`codigo`) ON DELETE CASCADE ON UPDATE CASCADE;

--
-- Filtros para la tabla `historico_unidad_medida`
--
ALTER TABLE `historico_unidad_medida`
  ADD CONSTRAINT `historico_unidad_medida_ibfk_1` FOREIGN KEY (`codigo_unidad_medida`) REFERENCES `unidad_medida` (`codigo`) ON DELETE CASCADE ON UPDATE CASCADE,
  ADD CONSTRAINT `historico_unidad_medida_ibfk_2` FOREIGN KEY (`codigo_usuario`) REFERENCES `usuario` (`codigo`) ON DELETE CASCADE ON UPDATE CASCADE,
  ADD CONSTRAINT `historico_unidad_medida_ibfk_3` FOREIGN KEY (`operacion`) REFERENCES `operacion` (`codigo`) ON DELETE CASCADE ON UPDATE CASCADE;

--
-- Filtros para la tabla `historico_usuario`
--
ALTER TABLE `historico_usuario`
  ADD CONSTRAINT `historico_usuario_ibfk_1` FOREIGN KEY (`usuario`) REFERENCES `usuario` (`codigo`) ON DELETE CASCADE ON UPDATE CASCADE,
  ADD CONSTRAINT `historico_usuario_ibfk_2` FOREIGN KEY (`codigo_usuario`) REFERENCES `usuario` (`codigo`) ON DELETE CASCADE ON UPDATE CASCADE,
  ADD CONSTRAINT `historico_usuario_ibfk_3` FOREIGN KEY (`operacion`) REFERENCES `operacion` (`codigo`) ON DELETE CASCADE ON UPDATE CASCADE;

--
-- Filtros para la tabla `materiales_servicios`
--
ALTER TABLE `materiales_servicios`
  ADD CONSTRAINT `materiales_servicios_ibfk_1` FOREIGN KEY (`subpartida`) REFERENCES `subpartida` (`codigo`) ON DELETE CASCADE ON UPDATE CASCADE,
  ADD CONSTRAINT `materiales_servicios_ibfk_4` FOREIGN KEY (`estatus`) REFERENCES `estatus` (`codigo`) ON DELETE CASCADE ON UPDATE CASCADE;

--
-- Filtros para la tabla `presentacion`
--
ALTER TABLE `presentacion`
  ADD CONSTRAINT `presentacion_ibfk_1` FOREIGN KEY (`estatus`) REFERENCES `estatus` (`codigo`) ON DELETE CASCADE ON UPDATE CASCADE;

--
-- Filtros para la tabla `proyecto`
--
ALTER TABLE `proyecto`
  ADD CONSTRAINT `proyecto_ibfk_1` FOREIGN KEY (`estatus`) REFERENCES `estatus` (`codigo`) ON DELETE CASCADE ON UPDATE CASCADE;

--
-- Filtros para la tabla `reporte`
--
ALTER TABLE `reporte`
  ADD CONSTRAINT `reporte_ibfk_2` FOREIGN KEY (`material_servicio`) REFERENCES `materiales_servicios` (`codigo`) ON DELETE CASCADE ON UPDATE CASCADE,
  ADD CONSTRAINT `reporte_ibfk_3` FOREIGN KEY (`unidad_medida`) REFERENCES `unidad_medida` (`codigo`) ON DELETE CASCADE ON UPDATE CASCADE,
  ADD CONSTRAINT `reporte_ibfk_4` FOREIGN KEY (`presentacion`) REFERENCES `presentacion` (`codigo`) ON DELETE CASCADE ON UPDATE CASCADE,
  ADD CONSTRAINT `reporte_ibfk_6` FOREIGN KEY (`estatus`) REFERENCES `estatus` (`codigo`) ON DELETE CASCADE ON UPDATE CASCADE,
  ADD CONSTRAINT `reporte_ibfk_7` FOREIGN KEY (`accion_ue`) REFERENCES `accion_ue` (`codigo`) ON DELETE CASCADE ON UPDATE CASCADE;

--
-- Filtros para la tabla `subpartida`
--
ALTER TABLE `subpartida`
  ADD CONSTRAINT `subpartida_ibfk_1` FOREIGN KEY (`partida`) REFERENCES `partida` (`partida`) ON DELETE CASCADE ON UPDATE CASCADE;

--
-- Filtros para la tabla `uel_presupuesto_partida`
--
ALTER TABLE `uel_presupuesto_partida`
  ADD CONSTRAINT `uel_presupuesto_partida_ibfk_2` FOREIGN KEY (`partida`) REFERENCES `partida` (`partida`) ON DELETE CASCADE ON UPDATE CASCADE;

--
-- Filtros para la tabla `unidad_ejecutora`
--
ALTER TABLE `unidad_ejecutora`
  ADD CONSTRAINT `unidad_ejecutora_ibfk_1` FOREIGN KEY (`estatus`) REFERENCES `estatus` (`codigo`) ON DELETE CASCADE ON UPDATE CASCADE;

--
-- Filtros para la tabla `unidad_medida`
--
ALTER TABLE `unidad_medida`
  ADD CONSTRAINT `unidad_medida_ibfk_1` FOREIGN KEY (`tipo`) REFERENCES `tipo_unidad_medida` (`codigo`) ON DELETE CASCADE ON UPDATE CASCADE,
  ADD CONSTRAINT `unidad_medida_ibfk_2` FOREIGN KEY (`estatus`) REFERENCES `estatus` (`codigo`) ON DELETE CASCADE ON UPDATE CASCADE;

--
-- Filtros para la tabla `usuario`
--
ALTER TABLE `usuario`
  ADD CONSTRAINT `usuario_ibfk_1` FOREIGN KEY (`nivel`) REFERENCES `nivel` (`codigo`) ON DELETE CASCADE ON UPDATE CASCADE,
  ADD CONSTRAINT `usuario_ibfk_2` FOREIGN KEY (`uel`) REFERENCES `unidad_ejecutora` (`codigo`) ON DELETE CASCADE ON UPDATE CASCADE,
  ADD CONSTRAINT `usuario_ibfk_3` FOREIGN KEY (`estatus`) REFERENCES `estatus` (`codigo`) ON DELETE CASCADE ON UPDATE CASCADE;

/*!40101 SET CHARACTER_SET_CLIENT=@OLD_CHARACTER_SET_CLIENT */;
/*!40101 SET CHARACTER_SET_RESULTS=@OLD_CHARACTER_SET_RESULTS */;
/*!40101 SET COLLATION_CONNECTION=@OLD_COLLATION_CONNECTION */;
